<Spawns>
  <Points>
    <Name>Spawner_Blackthorn</Name>
    <UniqueId>01a1cbc4-747c-4b2a-9bf8-3737032d5447</UniqueId>
    <Map>Trammel</Map>
    <X>6352</X>
    <Y>2666</Y>
    <Width>21</Width>
    <Height>25</Height>
    <CentreX>6363</CentreX>
    <CentreY>2679</CentreY>
    <CentreZ>0</CentreZ>
    <Range>5</Range>
    <MaxCount>5</MaxCount>
    <MinDelay>60</MinDelay>
    <MaxDelay>150</MaxDelay>
    <DelayInSec>True</DelayInSec>
    <Duration>0</Duration>
    <DespawnTime>0</DespawnTime>
    <ProximityRange>-1</ProximityRange>
    <ProximityTriggerSound>500</ProximityTriggerSound>
    <TriggerProbability>1</TriggerProbability>
    <InContainer>False</InContainer>
    <MinRefractory>0</MinRefractory>
    <MaxRefractory>0</MaxRefractory>
    <TODStart>0</TODStart>
    <TODEnd>0</TODEnd>
    <TODMode>0</TODMode>
    <KillReset>1</KillReset>
    <ExternalTriggering>False</ExternalTriggering>
    <SequentialSpawning>-1</SequentialSpawning>
    <AllowGhostTriggering>False</AllowGhostTriggering>
    <AllowNPCTriggering>False</AllowNPCTriggering>
    <SpawnOnTrigger>False</SpawnOnTrigger>
    <SmartSpawning>True</SmartSpawning>
    <TickReset>False</TickReset>
    <Team>0</Team>
    <Amount>1</Amount>
    <IsGroup>False</IsGroup>
    <IsRunning>True</IsRunning>
    <IsHomeRangeRelative>True</IsHomeRangeRelative>
    <Objects2>HellHound:MX=5:SB=0:RT=0:TO=0:KL=0:RK=0:CA=1:DN=-1:DX=-1:SP=1:PR=-1</Objects2>
  </Points>
  <Points>
    <Name>Spawner_Blackthorn</Name>
    <UniqueId>1243fd61-041a-48e1-b6b6-c64a9e92cbf2</UniqueId>
    <Map>Trammel</Map>
    <X>6314</X>
    <Y>2654</Y>
    <Width>25</Width>
    <Height>49</Height>
    <CentreX>6328</CentreX>
    <CentreY>2680</CentreY>
    <CentreZ>0</CentreZ>
    <Range>5</Range>
    <MaxCount>10</MaxCount>
    <MinDelay>60</MinDelay>
    <MaxDelay>150</MaxDelay>
    <DelayInSec>True</DelayInSec>
    <Duration>0</Duration>
    <DespawnTime>0</DespawnTime>
    <ProximityRange>-1</ProximityRange>
    <ProximityTriggerSound>500</ProximityTriggerSound>
    <TriggerProbability>1</TriggerProbability>
    <InContainer>False</InContainer>
    <MinRefractory>0</MinRefractory>
    <MaxRefractory>0</MaxRefractory>
    <TODStart>0</TODStart>
    <TODEnd>0</TODEnd>
    <TODMode>0</TODMode>
    <KillReset>1</KillReset>
    <ExternalTriggering>False</ExternalTriggering>
    <SequentialSpawning>-1</SequentialSpawning>
    <AllowGhostTriggering>False</AllowGhostTriggering>
    <AllowNPCTriggering>False</AllowNPCTriggering>
    <SpawnOnTrigger>False</SpawnOnTrigger>
    <SmartSpawning>True</SmartSpawning>
    <TickReset>False</TickReset>
    <Team>0</Team>
    <Amount>1</Amount>
    <IsGroup>False</IsGroup>
    <IsRunning>True</IsRunning>
    <IsHomeRangeRelative>True</IsHomeRangeRelative>
    <Objects2>Skeleton:MX=10:SB=0:RT=0:TO=0:KL=0:RK=0:CA=1:DN=-1:DX=-1:SP=1:PR=-1</Objects2>
  </Points>
  <Points>
    <Name>Spawner_Blackthorn</Name>
    <UniqueId>26c3575b-8236-466c-8c95-8908144fe81e</UniqueId>
    <Map>Trammel</Map>
    <X>6344</X>
    <Y>2763</Y>
    <Width>29</Width>
    <Height>19</Height>
    <CentreX>6358</CentreX>
    <CentreY>2772</CentreY>
    <CentreZ>0</CentreZ>
    <Range>5</Range>
    <MaxCount>5</MaxCount>
    <MinDelay>60</MinDelay>
    <MaxDelay>150</MaxDelay>
    <DelayInSec>True</DelayInSec>
    <Duration>0</Duration>
    <DespawnTime>0</DespawnTime>
    <ProximityRange>-1</ProximityRange>
    <ProximityTriggerSound>500</ProximityTriggerSound>
    <TriggerProbability>1</TriggerProbability>
    <InContainer>False</InContainer>
    <MinRefractory>0</MinRefractory>
    <MaxRefractory>0</MaxRefractory>
    <TODStart>0</TODStart>
    <TODEnd>0</TODEnd>
    <TODMode>0</TODMode>
    <KillReset>1</KillReset>
    <ExternalTriggering>False</ExternalTriggering>
    <SequentialSpawning>-1</SequentialSpawning>
    <AllowGhostTriggering>False</AllowGhostTriggering>
    <AllowNPCTriggering>False</AllowNPCTriggering>
    <SpawnOnTrigger>False</SpawnOnTrigger>
    <SmartSpawning>True</SmartSpawning>
    <TickReset>False</TickReset>
    <Team>0</Team>
    <Amount>1</Amount>
    <IsGroup>False</IsGroup>
    <IsRunning>True</IsRunning>
    <IsHomeRangeRelative>True</IsHomeRangeRelative>
    <Objects2>exodusminion:MX=5:SB=0:RT=0:TO=0:KL=0:RK=0:CA=1:DN=-1:DX=-1:SP=1:PR=-1</Objects2>
  </Points>
  <Points>
    <Name>Spawner_Blackthorn</Name>
    <UniqueId>299fc893-de38-4a34-b889-ca2903fdad55</UniqueId>
    <Map>Trammel</Map>
    <X>6449</X>
    <Y>2610</Y>
    <Width>20</Width>
    <Height>20</Height>
    <CentreX>6459</CentreX>
    <CentreY>2620</CentreY>
    <CentreZ>0</CentreZ>
    <Range>5</Range>
    <MaxCount>4</MaxCount>
    <MinDelay>60</MinDelay>
    <MaxDelay>150</MaxDelay>
    <DelayInSec>True</DelayInSec>
    <Duration>0</Duration>
    <DespawnTime>0</DespawnTime>
    <ProximityRange>-1</ProximityRange>
    <ProximityTriggerSound>500</ProximityTriggerSound>
    <TriggerProbability>1</TriggerProbability>
    <InContainer>False</InContainer>
    <MinRefractory>0</MinRefractory>
    <MaxRefractory>0</MaxRefractory>
    <TODStart>0</TODStart>
    <TODEnd>0</TODEnd>
    <TODMode>0</TODMode>
    <KillReset>1</KillReset>
    <ExternalTriggering>False</ExternalTriggering>
    <SequentialSpawning>-1</SequentialSpawning>
    <AllowGhostTriggering>False</AllowGhostTriggering>
    <AllowNPCTriggering>False</AllowNPCTriggering>
    <SpawnOnTrigger>False</SpawnOnTrigger>
    <SmartSpawning>True</SmartSpawning>
    <TickReset>False</TickReset>
    <Team>0</Team>
    <Amount>1</Amount>
    <IsGroup>False</IsGroup>
    <IsRunning>True</IsRunning>
    <IsHomeRangeRelative>True</IsHomeRangeRelative>
    <Objects2>GiantSpider:MX=4:SB=0:RT=0:TO=0:KL=0:RK=0:CA=1:DN=-1:DX=-1:SP=1:PR=-1</Objects2>
  </Points>
  <Points>
    <Name>Spawner_Blackthorn</Name>
    <UniqueId>2e5ac9f1-09ce-4cea-a069-3d9d031e0ca8</UniqueId>
    <Map>Trammel</Map>
    <X>6290</X>
    <Y>2687</Y>
    <Width>20</Width>
    <Height>20</Height>
    <CentreX>6300</CentreX>
    <CentreY>2697</CentreY>
    <CentreZ>0</CentreZ>
    <Range>5</Range>
    <MaxCount>4</MaxCount>
    <MinDelay>60</MinDelay>
    <MaxDelay>150</MaxDelay>
    <DelayInSec>True</DelayInSec>
    <Duration>0</Duration>
    <DespawnTime>0</DespawnTime>
    <ProximityRange>-1</ProximityRange>
    <ProximityTriggerSound>500</ProximityTriggerSound>
    <TriggerProbability>1</TriggerProbability>
    <InContainer>False</InContainer>
    <MinRefractory>0</MinRefractory>
    <MaxRefractory>0</MaxRefractory>
    <TODStart>0</TODStart>
    <TODEnd>0</TODEnd>
    <TODMode>0</TODMode>
    <KillReset>1</KillReset>
    <ExternalTriggering>False</ExternalTriggering>
    <SequentialSpawning>-1</SequentialSpawning>
    <AllowGhostTriggering>False</AllowGhostTriggering>
    <AllowNPCTriggering>False</AllowNPCTriggering>
    <SpawnOnTrigger>False</SpawnOnTrigger>
    <SmartSpawning>True</SmartSpawning>
    <TickReset>False</TickReset>
    <Team>0</Team>
    <Amount>1</Amount>
    <IsGroup>False</IsGroup>
    <IsRunning>True</IsRunning>
    <IsHomeRangeRelative>True</IsHomeRangeRelative>
    <Objects2>Brigand:MX=4:SB=0:RT=0:TO=0:KL=0:RK=0:CA=1:DN=-1:DX=-1:SP=1:PR=-1</Objects2>
  </Points>
  <Points>
    <Name>Spawner_Blackthorn</Name>
    <UniqueId>3c3326de-d338-4bea-a02b-e8a11d47df62</UniqueId>
    <Map>Trammel</Map>
    <X>6350</X>
    <Y>2749</Y>
    <Width>7</Width>
    <Height>6</Height>
    <CentreX>6353</CentreX>
    <CentreY>2752</CentreY>
    <CentreZ>0</CentreZ>
    <Range>5</Range>
    <MaxCount>4</MaxCount>
    <MinDelay>60</MinDelay>
    <MaxDelay>150</MaxDelay>
    <DelayInSec>True</DelayInSec>
    <Duration>0</Duration>
    <DespawnTime>0</DespawnTime>
    <ProximityRange>-1</ProximityRange>
    <ProximityTriggerSound>500</ProximityTriggerSound>
    <TriggerProbability>1</TriggerProbability>
    <InContainer>False</InContainer>
    <MinRefractory>0</MinRefractory>
    <MaxRefractory>0</MaxRefractory>
    <TODStart>0</TODStart>
    <TODEnd>0</TODEnd>
    <TODMode>0</TODMode>
    <KillReset>1</KillReset>
    <ExternalTriggering>False</ExternalTriggering>
    <SequentialSpawning>-1</SequentialSpawning>
    <AllowGhostTriggering>False</AllowGhostTriggering>
    <AllowNPCTriggering>False</AllowNPCTriggering>
    <SpawnOnTrigger>False</SpawnOnTrigger>
    <SmartSpawning>True</SmartSpawning>
    <TickReset>False</TickReset>
    <Team>0</Team>
    <Amount>1</Amount>
    <IsGroup>False</IsGroup>
    <IsRunning>True</IsRunning>
    <IsHomeRangeRelative>True</IsHomeRangeRelative>
    <Objects2>golemcontroller:MX=2:SB=0:RT=0:TO=0:KL=0:RK=0:CA=1:DN=-1:DX=-1:SP=1:PR=-1:OBJ=golem:MX=2:SB=0:RT=0:TO=0:KL=0:RK=0:CA=1:DN=-1:DX=-1:SP=1:PR=-1</Objects2>
  </Points>
  <Points>
    <Name>Spawner_Blackthorn</Name>
    <UniqueId>49cdd7f1-a9a0-4987-a984-357658cd38da</UniqueId>
    <Map>Trammel</Map>
    <X>6233</X>
    <Y>2686</Y>
    <Width>20</Width>
    <Height>20</Height>
    <CentreX>6243</CentreX>
    <CentreY>2696</CentreY>
    <CentreZ>0</CentreZ>
    <Range>5</Range>
    <MaxCount>4</MaxCount>
    <MinDelay>60</MinDelay>
    <MaxDelay>150</MaxDelay>
    <DelayInSec>True</DelayInSec>
    <Duration>0</Duration>
    <DespawnTime>0</DespawnTime>
    <ProximityRange>-1</ProximityRange>
    <ProximityTriggerSound>500</ProximityTriggerSound>
    <TriggerProbability>1</TriggerProbability>
    <InContainer>False</InContainer>
    <MinRefractory>0</MinRefractory>
    <MaxRefractory>0</MaxRefractory>
    <TODStart>0</TODStart>
    <TODEnd>0</TODEnd>
    <TODMode>0</TODMode>
    <KillReset>1</KillReset>
    <ExternalTriggering>False</ExternalTriggering>
    <SequentialSpawning>-1</SequentialSpawning>
    <AllowGhostTriggering>False</AllowGhostTriggering>
    <AllowNPCTriggering>False</AllowNPCTriggering>
    <SpawnOnTrigger>False</SpawnOnTrigger>
    <SmartSpawning>True</SmartSpawning>
    <TickReset>False</TickReset>
    <Team>0</Team>
    <Amount>1</Amount>
    <IsGroup>False</IsGroup>
    <IsRunning>True</IsRunning>
    <IsHomeRangeRelative>True</IsHomeRangeRelative>
    <Objects2>Brigand:MX=4:SB=0:RT=0:TO=0:KL=0:RK=0:CA=1:DN=-1:DX=-1:SP=1:PR=-1</Objects2>
  </Points>
  <Points>
    <Name>Spawner_Blackthorn</Name>
    <UniqueId>68260477-ea5b-4d6b-a961-5d34832c734b</UniqueId>
    <Map>Trammel</Map>
    <X>6425</X>
    <Y>2701</Y>
    <Width>17</Width>
    <Height>17</Height>
    <CentreX>6440</CentreX>
    <CentreY>2709</CentreY>
    <CentreZ>0</CentreZ>
    <Range>5</Range>
    <MaxCount>3</MaxCount>
    <MinDelay>60</MinDelay>
    <MaxDelay>150</MaxDelay>
    <DelayInSec>True</DelayInSec>
    <Duration>0</Duration>
    <DespawnTime>0</DespawnTime>
    <ProximityRange>-1</ProximityRange>
    <ProximityTriggerSound>500</ProximityTriggerSound>
    <TriggerProbability>1</TriggerProbability>
    <InContainer>False</InContainer>
    <MinRefractory>0</MinRefractory>
    <MaxRefractory>0</MaxRefractory>
    <TODStart>0</TODStart>
    <TODEnd>0</TODEnd>
    <TODMode>0</TODMode>
    <KillReset>1</KillReset>
    <ExternalTriggering>False</ExternalTriggering>
    <SequentialSpawning>-1</SequentialSpawning>
    <AllowGhostTriggering>False</AllowGhostTriggering>
    <AllowNPCTriggering>False</AllowNPCTriggering>
    <SpawnOnTrigger>False</SpawnOnTrigger>
    <SmartSpawning>True</SmartSpawning>
    <TickReset>False</TickReset>
    <Team>0</Team>
    <Amount>1</Amount>
    <IsGroup>False</IsGroup>
    <IsRunning>True</IsRunning>
    <IsHomeRangeRelative>True</IsHomeRangeRelative>
    <Objects2>EvilMage:MX=2:SB=0:RT=0:TO=0:KL=0:RK=0:CA=1:DN=-1:DX=-1:SP=1:PR=-1:OBJ=EvilMageLord:MX=1:SB=0:RT=0:TO=0:KL=0:RK=0:CA=1:DN=-1:DX=-1:SP=1:PR=-1</Objects2>
  </Points>
  <Points>
    <Name>Spawner_Blackthorn</Name>
    <UniqueId>73c829f8-2382-44ac-b50c-de3c0269209c</UniqueId>
    <Map>Trammel</Map>
    <X>6236</X>
    <Y>2650</Y>
    <Width>20</Width>
    <Height>20</Height>
    <CentreX>6246</CentreX>
    <CentreY>2660</CentreY>
    <CentreZ>0</CentreZ>
    <Range>5</Range>
    <MaxCount>4</MaxCount>
    <MinDelay>60</MinDelay>
    <MaxDelay>150</MaxDelay>
    <DelayInSec>True</DelayInSec>
    <Duration>0</Duration>
    <DespawnTime>0</DespawnTime>
    <ProximityRange>-1</ProximityRange>
    <ProximityTriggerSound>500</ProximityTriggerSound>
    <TriggerProbability>1</TriggerProbability>
    <InContainer>False</InContainer>
    <MinRefractory>0</MinRefractory>
    <MaxRefractory>0</MaxRefractory>
    <TODStart>0</TODStart>
    <TODEnd>0</TODEnd>
    <TODMode>0</TODMode>
    <KillReset>1</KillReset>
    <ExternalTriggering>False</ExternalTriggering>
    <SequentialSpawning>-1</SequentialSpawning>
    <AllowGhostTriggering>False</AllowGhostTriggering>
    <AllowNPCTriggering>False</AllowNPCTriggering>
    <SpawnOnTrigger>False</SpawnOnTrigger>
    <SmartSpawning>True</SmartSpawning>
    <TickReset>False</TickReset>
    <Team>0</Team>
    <Amount>1</Amount>
    <IsGroup>False</IsGroup>
    <IsRunning>True</IsRunning>
    <IsHomeRangeRelative>True</IsHomeRangeRelative>
    <Objects2>Brigand:MX=4:SB=0:RT=0:TO=0:KL=0:RK=0:CA=1:DN=-1:DX=-1:SP=1:PR=-1</Objects2>
  </Points>
  <Points>
    <Name>Spawner_Blackthorn</Name>
    <UniqueId>75884500-273c-4dea-afd3-a8a4fe7ee9d3</UniqueId>
    <Map>Trammel</Map>
    <X>6400</X>
    <Y>2590</Y>
    <Width>10</Width>
    <Height>10</Height>
    <CentreX>6405</CentreX>
    <CentreY>2595</CentreY>
    <CentreZ>0</CentreZ>
    <Range>5</Range>
    <MaxCount>2</MaxCount>
    <MinDelay>60</MinDelay>
    <MaxDelay>150</MaxDelay>
    <DelayInSec>True</DelayInSec>
    <Duration>0</Duration>
    <DespawnTime>0</DespawnTime>
    <ProximityRange>-1</ProximityRange>
    <ProximityTriggerSound>500</ProximityTriggerSound>
    <TriggerProbability>1</TriggerProbability>
    <InContainer>False</InContainer>
    <MinRefractory>0</MinRefractory>
    <MaxRefractory>0</MaxRefractory>
    <TODStart>0</TODStart>
    <TODEnd>0</TODEnd>
    <TODMode>0</TODMode>
    <KillReset>1</KillReset>
    <ExternalTriggering>False</ExternalTriggering>
    <SequentialSpawning>-1</SequentialSpawning>
    <AllowGhostTriggering>False</AllowGhostTriggering>
    <AllowNPCTriggering>False</AllowNPCTriggering>
    <SpawnOnTrigger>False</SpawnOnTrigger>
    <SmartSpawning>True</SmartSpawning>
    <TickReset>False</TickReset>
    <Team>0</Team>
    <Amount>1</Amount>
    <IsGroup>False</IsGroup>
    <IsRunning>True</IsRunning>
    <IsHomeRangeRelative>True</IsHomeRangeRelative>
    <Objects2>Lich:MX=2:SB=0:RT=0:TO=0:KL=0:RK=0:CA=1:DN=-1:DX=-1:SP=1:PR=-1</Objects2>
  </Points>
  <Points>
    <Name>Spawner_Blackthorn</Name>
    <UniqueId>7bbc9ac2-e637-403f-afcd-af4fa90000d8</UniqueId>
    <Map>Trammel</Map>
    <X>6385</X>
    <Y>2734</Y>
    <Width>47</Width>
    <Height>38</Height>
    <CentreX>6405</CentreX>
    <CentreY>2750</CentreY>
    <CentreZ>0</CentreZ>
    <Range>5</Range>
    <MaxCount>9</MaxCount>
    <MinDelay>60</MinDelay>
    <MaxDelay>150</MaxDelay>
    <DelayInSec>True</DelayInSec>
    <Duration>0</Duration>
    <DespawnTime>0</DespawnTime>
    <ProximityRange>-1</ProximityRange>
    <ProximityTriggerSound>500</ProximityTriggerSound>
    <TriggerProbability>1</TriggerProbability>
    <InContainer>False</InContainer>
    <MinRefractory>0</MinRefractory>
    <MaxRefractory>0</MaxRefractory>
    <TODStart>0</TODStart>
    <TODEnd>0</TODEnd>
    <TODMode>0</TODMode>
    <KillReset>1</KillReset>
    <ExternalTriggering>False</ExternalTriggering>
    <SequentialSpawning>-1</SequentialSpawning>
    <AllowGhostTriggering>False</AllowGhostTriggering>
    <AllowNPCTriggering>False</AllowNPCTriggering>
    <SpawnOnTrigger>False</SpawnOnTrigger>
    <SmartSpawning>True</SmartSpawning>
    <TickReset>False</TickReset>
    <Team>0</Team>
    <Amount>1</Amount>
    <IsGroup>False</IsGroup>
    <IsRunning>True</IsRunning>
    <IsHomeRangeRelative>True</IsHomeRangeRelative>
    <Objects2>Dragon:MX=3:SB=0:RT=0:TO=0:KL=0:RK=0:CA=1:DN=-1:DX=-1:SP=1:PR=-1:OBJ=Drake:MX=5:SB=0:RT=0:TO=0:KL=0:RK=0:CA=1:DN=-1:DX=-1:SP=1:PR=-1:OBJ=GreaterDragon:MX=1:SB=0:RT=0:TO=0:KL=0:RK=0:CA=1:DN=-1:DX=-1:SP=1:PR=-1</Objects2>
  </Points>
  <Points>
    <Name>Spawner_Blackthorn</Name>
    <UniqueId>7d5899da-b7f3-4fb0-aee9-5e81470837d1</UniqueId>
    <Map>Trammel</Map>
    <X>6206</X>
    <Y>2662</Y>
    <Width>30</Width>
    <Height>30</Height>
    <CentreX>6221</CentreX>
    <CentreY>2677</CentreY>
    <CentreZ>0</CentreZ>
    <Range>5</Range>
    <MaxCount>5</MaxCount>
    <MinDelay>60</MinDelay>
    <MaxDelay>150</MaxDelay>
    <DelayInSec>True</DelayInSec>
    <Duration>0</Duration>
    <DespawnTime>0</DespawnTime>
    <ProximityRange>-1</ProximityRange>
    <ProximityTriggerSound>500</ProximityTriggerSound>
    <TriggerProbability>1</TriggerProbability>
    <InContainer>False</InContainer>
    <MinRefractory>0</MinRefractory>
    <MaxRefractory>0</MaxRefractory>
    <TODStart>0</TODStart>
    <TODEnd>0</TODEnd>
    <TODMode>0</TODMode>
    <KillReset>1</KillReset>
    <ExternalTriggering>False</ExternalTriggering>
    <SequentialSpawning>-1</SequentialSpawning>
    <AllowGhostTriggering>False</AllowGhostTriggering>
    <AllowNPCTriggering>False</AllowNPCTriggering>
    <SpawnOnTrigger>False</SpawnOnTrigger>
    <SmartSpawning>True</SmartSpawning>
    <TickReset>False</TickReset>
    <Team>0</Team>
    <Amount>1</Amount>
    <IsGroup>False</IsGroup>
    <IsRunning>True</IsRunning>
    <IsHomeRangeRelative>True</IsHomeRangeRelative>
    <Objects2>Brigand:MX=5:SB=0:RT=0:TO=0:KL=0:RK=0:CA=1:DN=-1:DX=-1:SP=1:PR=-1</Objects2>
  </Points>
  <Points>
    <Name>Spawner_Blackthorn</Name>
    <UniqueId>9fc75c22-5170-4cc5-a178-97b4de7463f3</UniqueId>
    <Map>Trammel</Map>
    <X>6458</X>
    <Y>2750</Y>
    <Width>10</Width>
    <Height>5</Height>
    <CentreX>6463</CentreX>
    <CentreY>2752</CentreY>
    <CentreZ>0</CentreZ>
    <Range>5</Range>
    <MaxCount>5</MaxCount>
    <MinDelay>60</MinDelay>
    <MaxDelay>150</MaxDelay>
    <DelayInSec>True</DelayInSec>
    <Duration>0</Duration>
    <DespawnTime>0</DespawnTime>
    <ProximityRange>-1</ProximityRange>
    <ProximityTriggerSound>500</ProximityTriggerSound>
    <TriggerProbability>1</TriggerProbability>
    <InContainer>False</InContainer>
    <MinRefractory>0</MinRefractory>
    <MaxRefractory>0</MaxRefractory>
    <TODStart>0</TODStart>
    <TODEnd>0</TODEnd>
    <TODMode>0</TODMode>
    <KillReset>1</KillReset>
    <ExternalTriggering>False</ExternalTriggering>
    <SequentialSpawning>-1</SequentialSpawning>
    <AllowGhostTriggering>False</AllowGhostTriggering>
    <AllowNPCTriggering>False</AllowNPCTriggering>
    <SpawnOnTrigger>False</SpawnOnTrigger>
    <SmartSpawning>True</SmartSpawning>
    <TickReset>False</TickReset>
    <Team>0</Team>
    <Amount>1</Amount>
    <IsGroup>False</IsGroup>
    <IsRunning>True</IsRunning>
    <IsHomeRangeRelative>True</IsHomeRangeRelative>
    <Objects2>FrostOoze:MX=3:SB=0:RT=0:TO=0:KL=0:RK=0:CA=1:DN=-1:DX=-1:SP=1:PR=-1:OBJ=SnowElemental:MX=2:SB=0:RT=0:TO=0:KL=0:RK=0:CA=1:DN=-1:DX=-1:SP=1:PR=-1</Objects2>
  </Points>
  <Points>
    <Name>Spawner_Blackthorn</Name>
    <UniqueId>9fe35117-ad4f-4c94-8479-f3289bce3e3e</UniqueId>
    <Map>Trammel</Map>
    <X>6404</X>
    <Y>2615</Y>
    <Width>10</Width>
    <Height>10</Height>
    <CentreX>6409</CentreX>
    <CentreY>2620</CentreY>
    <CentreZ>0</CentreZ>
    <Range>5</Range>
    <MaxCount>2</MaxCount>
    <MinDelay>60</MinDelay>
    <MaxDelay>150</MaxDelay>
    <DelayInSec>True</DelayInSec>
    <Duration>0</Duration>
    <DespawnTime>0</DespawnTime>
    <ProximityRange>-1</ProximityRange>
    <ProximityTriggerSound>500</ProximityTriggerSound>
    <TriggerProbability>1</TriggerProbability>
    <InContainer>False</InContainer>
    <MinRefractory>0</MinRefractory>
    <MaxRefractory>0</MaxRefractory>
    <TODStart>0</TODStart>
    <TODEnd>0</TODEnd>
    <TODMode>0</TODMode>
    <KillReset>1</KillReset>
    <ExternalTriggering>False</ExternalTriggering>
    <SequentialSpawning>-1</SequentialSpawning>
    <AllowGhostTriggering>False</AllowGhostTriggering>
    <AllowNPCTriggering>False</AllowNPCTriggering>
    <SpawnOnTrigger>False</SpawnOnTrigger>
    <SmartSpawning>True</SmartSpawning>
    <TickReset>False</TickReset>
    <Team>0</Team>
    <Amount>1</Amount>
    <IsGroup>False</IsGroup>
    <IsRunning>True</IsRunning>
    <IsHomeRangeRelative>True</IsHomeRangeRelative>
    <Objects2>GoldenElemental:MX=2:SB=0:RT=0:TO=0:KL=0:RK=0:CA=1:DN=-1:DX=-1:SP=1:PR=-1</Objects2>
  </Points>
  <Points>
    <Name>Spawner_Blackthorn</Name>
    <UniqueId>a6e89984-04e4-4a47-b829-82a0be24e888</UniqueId>
    <Map>Trammel</Map>
    <X>6263</X>
    <Y>2650</Y>
    <Width>20</Width>
    <Height>20</Height>
    <CentreX>6273</CentreX>
    <CentreY>2660</CentreY>
    <CentreZ>0</CentreZ>
    <Range>5</Range>
    <MaxCount>4</MaxCount>
    <MinDelay>60</MinDelay>
    <MaxDelay>150</MaxDelay>
    <DelayInSec>True</DelayInSec>
    <Duration>0</Duration>
    <DespawnTime>0</DespawnTime>
    <ProximityRange>-1</ProximityRange>
    <ProximityTriggerSound>500</ProximityTriggerSound>
    <TriggerProbability>1</TriggerProbability>
    <InContainer>False</InContainer>
    <MinRefractory>0</MinRefractory>
    <MaxRefractory>0</MaxRefractory>
    <TODStart>0</TODStart>
    <TODEnd>0</TODEnd>
    <TODMode>0</TODMode>
    <KillReset>1</KillReset>
    <ExternalTriggering>False</ExternalTriggering>
    <SequentialSpawning>-1</SequentialSpawning>
    <AllowGhostTriggering>False</AllowGhostTriggering>
    <AllowNPCTriggering>False</AllowNPCTriggering>
    <SpawnOnTrigger>False</SpawnOnTrigger>
    <SmartSpawning>True</SmartSpawning>
    <TickReset>False</TickReset>
    <Team>0</Team>
    <Amount>1</Amount>
    <IsGroup>False</IsGroup>
    <IsRunning>True</IsRunning>
    <IsHomeRangeRelative>True</IsHomeRangeRelative>
    <Objects2>Brigand:MX=4:SB=0:RT=0:TO=0:KL=0:RK=0:CA=1:DN=-1:DX=-1:SP=1:PR=-1</Objects2>
  </Points>
  <Points>
    <Name>Spawner_Blackthorn</Name>
    <UniqueId>aaa48e0f-890b-4395-911b-778e0c617cfa</UniqueId>
    <Map>Trammel</Map>
    <X>6443</X>
    <Y>2763</Y>
    <Width>28</Width>
    <Height>19</Height>
    <CentreX>6457</CentreX>
    <CentreY>2772</CentreY>
    <CentreZ>0</CentreZ>
    <Range>5</Range>
    <MaxCount>5</MaxCount>
    <MinDelay>60</MinDelay>
    <MaxDelay>150</MaxDelay>
    <DelayInSec>True</DelayInSec>
    <Duration>0</Duration>
    <DespawnTime>0</DespawnTime>
    <ProximityRange>-1</ProximityRange>
    <ProximityTriggerSound>500</ProximityTriggerSound>
    <TriggerProbability>1</TriggerProbability>
    <InContainer>False</InContainer>
    <MinRefractory>0</MinRefractory>
    <MaxRefractory>0</MaxRefractory>
    <TODStart>0</TODStart>
    <TODEnd>0</TODEnd>
    <TODMode>0</TODMode>
    <KillReset>1</KillReset>
    <ExternalTriggering>False</ExternalTriggering>
    <SequentialSpawning>-1</SequentialSpawning>
    <AllowGhostTriggering>False</AllowGhostTriggering>
    <AllowNPCTriggering>False</AllowNPCTriggering>
    <SpawnOnTrigger>False</SpawnOnTrigger>
    <SmartSpawning>True</SmartSpawning>
    <TickReset>False</TickReset>
    <Team>0</Team>
    <Amount>1</Amount>
    <IsGroup>False</IsGroup>
    <IsRunning>True</IsRunning>
    <IsHomeRangeRelative>True</IsHomeRangeRelative>
    <Objects2>RottingCorpse:MX=5:SB=0:RT=0:TO=0:KL=0:RK=0:CA=1:DN=-1:DX=-1:SP=1:PR=-1</Objects2>
  </Points>
  <Points>
    <Name>Spawner_Blackthorn</Name>
    <UniqueId>ad864de7-b3e6-4480-89b2-66091f5d9e24</UniqueId>
    <Map>Trammel</Map>
    <X>6189</X>
    <Y>2572</Y>
    <Width>30</Width>
    <Height>30</Height>
    <CentreX>6204</CentreX>
    <CentreY>2587</CentreY>
    <CentreZ>0</CentreZ>
    <Range>5</Range>
    <MaxCount>5</MaxCount>
    <MinDelay>60</MinDelay>
    <MaxDelay>150</MaxDelay>
    <DelayInSec>True</DelayInSec>
    <Duration>0</Duration>
    <DespawnTime>0</DespawnTime>
    <ProximityRange>-1</ProximityRange>
    <ProximityTriggerSound>500</ProximityTriggerSound>
    <TriggerProbability>1</TriggerProbability>
    <InContainer>False</InContainer>
    <MinRefractory>0</MinRefractory>
    <MaxRefractory>0</MaxRefractory>
    <TODStart>0</TODStart>
    <TODEnd>0</TODEnd>
    <TODMode>0</TODMode>
    <KillReset>1</KillReset>
    <ExternalTriggering>False</ExternalTriggering>
    <SequentialSpawning>-1</SequentialSpawning>
    <AllowGhostTriggering>False</AllowGhostTriggering>
    <AllowNPCTriggering>False</AllowNPCTriggering>
    <SpawnOnTrigger>False</SpawnOnTrigger>
    <SmartSpawning>True</SmartSpawning>
    <TickReset>False</TickReset>
    <Team>0</Team>
    <Amount>1</Amount>
    <IsGroup>False</IsGroup>
    <IsRunning>True</IsRunning>
    <IsHomeRangeRelative>True</IsHomeRangeRelative>
    <Objects2>EarthElemental:MX=5:SB=0:RT=0:TO=0:KL=0:RK=0:CA=1:DN=-1:DX=-1:SP=1:PR=-1</Objects2>
  </Points>
  <Points>
    <Name>Spawner_Blackthorn</Name>
    <UniqueId>ae4c65c4-ea3f-4157-925a-dfff3f079247</UniqueId>
    <Map>Trammel</Map>
    <X>6394</X>
    <Y>2782</Y>
    <Width>26</Width>
    <Height>18</Height>
    <CentreX>6407</CentreX>
    <CentreY>2791</CentreY>
    <CentreZ>0</CentreZ>
    <Range>5</Range>
    <MaxCount>14</MaxCount>
    <MinDelay>60</MinDelay>
    <MaxDelay>150</MaxDelay>
    <DelayInSec>True</DelayInSec>
    <Duration>0</Duration>
    <DespawnTime>0</DespawnTime>
    <ProximityRange>-1</ProximityRange>
    <ProximityTriggerSound>500</ProximityTriggerSound>
    <TriggerProbability>1</TriggerProbability>
    <InContainer>False</InContainer>
    <MinRefractory>0</MinRefractory>
    <MaxRefractory>0</MaxRefractory>
    <TODStart>0</TODStart>
    <TODEnd>0</TODEnd>
    <TODMode>0</TODMode>
    <KillReset>1</KillReset>
    <ExternalTriggering>False</ExternalTriggering>
    <SequentialSpawning>-1</SequentialSpawning>
    <AllowGhostTriggering>False</AllowGhostTriggering>
    <AllowNPCTriggering>False</AllowNPCTriggering>
    <SpawnOnTrigger>False</SpawnOnTrigger>
    <SmartSpawning>True</SmartSpawning>
    <TickReset>False</TickReset>
    <Team>0</Team>
    <Amount>1</Amount>
    <IsGroup>False</IsGroup>
    <IsRunning>True</IsRunning>
    <IsHomeRangeRelative>True</IsHomeRangeRelative>
    <Objects2>giantrat:MX=10:SB=0:RT=0:TO=0:KL=0:RK=0:CA=1:DN=-1:DX=-1:SP=1:PR=-1:OBJ=vampirebat:MX=4:SB=0:RT=0:TO=0:KL=0:RK=0:CA=1:DN=-1:DX=-1:SP=1:PR=-1</Objects2>
  </Points>
  <Points>
    <Name>Spawner_Blackthorn</Name>
    <UniqueId>bbdc5d18-d0f5-4a52-be9e-8741c6db2762</UniqueId>
    <Map>Trammel</Map>
    <X>6261</X>
    <Y>2686</Y>
    <Width>20</Width>
    <Height>20</Height>
    <CentreX>6271</CentreX>
    <CentreY>2696</CentreY>
    <CentreZ>0</CentreZ>
    <Range>5</Range>
    <MaxCount>4</MaxCount>
    <MinDelay>60</MinDelay>
    <MaxDelay>150</MaxDelay>
    <DelayInSec>True</DelayInSec>
    <Duration>0</Duration>
    <DespawnTime>0</DespawnTime>
    <ProximityRange>-1</ProximityRange>
    <ProximityTriggerSound>500</ProximityTriggerSound>
    <TriggerProbability>1</TriggerProbability>
    <InContainer>False</InContainer>
    <MinRefractory>0</MinRefractory>
    <MaxRefractory>0</MaxRefractory>
    <TODStart>0</TODStart>
    <TODEnd>0</TODEnd>
    <TODMode>0</TODMode>
    <KillReset>1</KillReset>
    <ExternalTriggering>False</ExternalTriggering>
    <SequentialSpawning>-1</SequentialSpawning>
    <AllowGhostTriggering>False</AllowGhostTriggering>
    <AllowNPCTriggering>False</AllowNPCTriggering>
    <SpawnOnTrigger>False</SpawnOnTrigger>
    <SmartSpawning>True</SmartSpawning>
    <TickReset>False</TickReset>
    <Team>0</Team>
    <Amount>1</Amount>
    <IsGroup>False</IsGroup>
    <IsRunning>True</IsRunning>
    <IsHomeRangeRelative>True</IsHomeRangeRelative>
    <Objects2>Brigand:MX=4:SB=0:RT=0:TO=0:KL=0:RK=0:CA=1:DN=-1:DX=-1:SP=1:PR=-1</Objects2>
  </Points>
  <Points>
    <Name>Spawner_Blackthorn</Name>
    <UniqueId>be7b4142-48c7-4247-b258-b66315beb3c6</UniqueId>
    <Map>Trammel</Map>
    <X>6291</X>
    <Y>2650</Y>
    <Width>20</Width>
    <Height>20</Height>
    <CentreX>6301</CentreX>
    <CentreY>2660</CentreY>
    <CentreZ>0</CentreZ>
    <Range>5</Range>
    <MaxCount>4</MaxCount>
    <MinDelay>60</MinDelay>
    <MaxDelay>150</MaxDelay>
    <DelayInSec>True</DelayInSec>
    <Duration>0</Duration>
    <DespawnTime>0</DespawnTime>
    <ProximityRange>-1</ProximityRange>
    <ProximityTriggerSound>500</ProximityTriggerSound>
    <TriggerProbability>1</TriggerProbability>
    <InContainer>False</InContainer>
    <MinRefractory>0</MinRefractory>
    <MaxRefractory>0</MaxRefractory>
    <TODStart>0</TODStart>
    <TODEnd>0</TODEnd>
    <TODMode>0</TODMode>
    <KillReset>1</KillReset>
    <ExternalTriggering>False</ExternalTriggering>
    <SequentialSpawning>-1</SequentialSpawning>
    <AllowGhostTriggering>False</AllowGhostTriggering>
    <AllowNPCTriggering>False</AllowNPCTriggering>
    <SpawnOnTrigger>False</SpawnOnTrigger>
    <SmartSpawning>True</SmartSpawning>
    <TickReset>False</TickReset>
    <Team>0</Team>
    <Amount>1</Amount>
    <IsGroup>False</IsGroup>
    <IsRunning>True</IsRunning>
    <IsHomeRangeRelative>True</IsHomeRangeRelative>
    <Objects2>Brigand:MX=4:SB=0:RT=0:TO=0:KL=0:RK=0:CA=1:DN=-1:DX=-1:SP=1:PR=-1</Objects2>
  </Points>
  <Points>
    <Name>Spawner_Blackthorn</Name>
    <UniqueId>c1a2d74f-0702-47fa-9dc3-56c84bed088f</UniqueId>
    <Map>Trammel</Map>
    <X>6430</X>
    <Y>2631</Y>
    <Width>10</Width>
    <Height>10</Height>
    <CentreX>6435</CentreX>
    <CentreY>2636</CentreY>
    <CentreZ>0</CentreZ>
    <Range>5</Range>
    <MaxCount>1</MaxCount>
    <MinDelay>60</MinDelay>
    <MaxDelay>150</MaxDelay>
    <DelayInSec>True</DelayInSec>
    <Duration>0</Duration>
    <DespawnTime>0</DespawnTime>
    <ProximityRange>-1</ProximityRange>
    <ProximityTriggerSound>500</ProximityTriggerSound>
    <TriggerProbability>1</TriggerProbability>
    <InContainer>False</InContainer>
    <MinRefractory>0</MinRefractory>
    <MaxRefractory>0</MaxRefractory>
    <TODStart>0</TODStart>
    <TODEnd>0</TODEnd>
    <TODMode>0</TODMode>
    <KillReset>1</KillReset>
    <ExternalTriggering>False</ExternalTriggering>
    <SequentialSpawning>-1</SequentialSpawning>
    <AllowGhostTriggering>False</AllowGhostTriggering>
    <AllowNPCTriggering>False</AllowNPCTriggering>
    <SpawnOnTrigger>False</SpawnOnTrigger>
    <SmartSpawning>True</SmartSpawning>
    <TickReset>False</TickReset>
    <Team>0</Team>
    <Amount>1</Amount>
    <IsGroup>False</IsGroup>
    <IsRunning>True</IsRunning>
    <IsHomeRangeRelative>True</IsHomeRangeRelative>
    <Objects2>Lich:MX=1:SB=0:RT=0:TO=0:KL=0:RK=0:CA=1:DN=-1:DX=-1:SP=1:PR=-1</Objects2>
  </Points>
  <Points>
    <Name>Spawner_Blackthorn</Name>
    <UniqueId>ecd3c461-619d-42b3-baff-306347a06d86</UniqueId>
    <Map>Trammel</Map>
    <X>6455</X>
    <Y>2708</Y>
    <Width>2</Width>
    <Height>2</Height>
    <CentreX>6456</CentreX>
    <CentreY>2709</CentreY>
    <CentreZ>0</CentreZ>
    <Range>5</Range>
    <MaxCount>1</MaxCount>
    <MinDelay>60</MinDelay>
    <MaxDelay>150</MaxDelay>
    <DelayInSec>True</DelayInSec>
    <Duration>0</Duration>
    <DespawnTime>0</DespawnTime>
    <ProximityRange>-1</ProximityRange>
    <ProximityTriggerSound>500</ProximityTriggerSound>
    <TriggerProbability>1</TriggerProbability>
    <InContainer>False</InContainer>
    <MinRefractory>0</MinRefractory>
    <MaxRefractory>0</MaxRefractory>
    <TODStart>0</TODStart>
    <TODEnd>0</TODEnd>
    <TODMode>0</TODMode>
    <KillReset>1</KillReset>
    <ExternalTriggering>False</ExternalTriggering>
    <SequentialSpawning>-1</SequentialSpawning>
    <AllowGhostTriggering>False</AllowGhostTriggering>
    <AllowNPCTriggering>False</AllowNPCTriggering>
    <SpawnOnTrigger>False</SpawnOnTrigger>
    <SmartSpawning>True</SmartSpawning>
    <TickReset>False</TickReset>
    <Team>0</Team>
    <Amount>1</Amount>
    <IsGroup>False</IsGroup>
    <IsRunning>True</IsRunning>
    <IsHomeRangeRelative>True</IsHomeRangeRelative>
    <Objects2>Balron:MX=1:SB=0:RT=0:TO=0:KL=0:RK=0:CA=1:DN=-1:DX=-1:SP=1:PR=-1</Objects2>
  </Points>
  <Points>
    <Name>Spawner_Blackthorn</Name>
    <UniqueId>0596bb91-9eff-4a11-b7ba-b47c6aa5732c</UniqueId>
    <Map>Felucca</Map>
    <X>6455</X>
    <Y>2708</Y>
    <Width>2</Width>
    <Height>2</Height>
    <CentreX>6456</CentreX>
    <CentreY>2709</CentreY>
    <CentreZ>0</CentreZ>
    <Range>5</Range>
    <MaxCount>1</MaxCount>
    <MinDelay>60</MinDelay>
    <MaxDelay>150</MaxDelay>
    <DelayInSec>True</DelayInSec>
    <Duration>0</Duration>
    <DespawnTime>0</DespawnTime>
    <ProximityRange>-1</ProximityRange>
    <ProximityTriggerSound>500</ProximityTriggerSound>
    <TriggerProbability>1</TriggerProbability>
    <InContainer>False</InContainer>
    <MinRefractory>0</MinRefractory>
    <MaxRefractory>0</MaxRefractory>
    <TODStart>0</TODStart>
    <TODEnd>0</TODEnd>
    <TODMode>0</TODMode>
    <KillReset>1</KillReset>
    <ExternalTriggering>False</ExternalTriggering>
    <SequentialSpawning>-1</SequentialSpawning>
    <AllowGhostTriggering>False</AllowGhostTriggering>
    <AllowNPCTriggering>False</AllowNPCTriggering>
    <SpawnOnTrigger>False</SpawnOnTrigger>
    <SmartSpawning>True</SmartSpawning>
    <TickReset>False</TickReset>
    <Team>0</Team>
    <Amount>1</Amount>
    <IsGroup>False</IsGroup>
    <IsRunning>True</IsRunning>
    <IsHomeRangeRelative>True</IsHomeRangeRelative>
    <Objects2>Balron:MX=1:SB=0:RT=0:TO=0:KL=0:RK=0:CA=1:DN=-1:DX=-1:SP=1:PR=-1</Objects2>
  </Points>
  <Points>
    <Name>Spawner_Blackthorn</Name>
    <UniqueId>06381cc6-fb03-40b0-b48a-70389fdadd7d</UniqueId>
    <Map>Felucca</Map>
    <X>6261</X>
    <Y>2686</Y>
    <Width>20</Width>
    <Height>20</Height>
    <CentreX>6271</CentreX>
    <CentreY>2696</CentreY>
    <CentreZ>0</CentreZ>
    <Range>5</Range>
    <MaxCount>4</MaxCount>
    <MinDelay>60</MinDelay>
    <MaxDelay>150</MaxDelay>
    <DelayInSec>True</DelayInSec>
    <Duration>0</Duration>
    <DespawnTime>0</DespawnTime>
    <ProximityRange>-1</ProximityRange>
    <ProximityTriggerSound>500</ProximityTriggerSound>
    <TriggerProbability>1</TriggerProbability>
    <InContainer>False</InContainer>
    <MinRefractory>0</MinRefractory>
    <MaxRefractory>0</MaxRefractory>
    <TODStart>0</TODStart>
    <TODEnd>0</TODEnd>
    <TODMode>0</TODMode>
    <KillReset>1</KillReset>
    <ExternalTriggering>False</ExternalTriggering>
    <SequentialSpawning>-1</SequentialSpawning>
    <AllowGhostTriggering>False</AllowGhostTriggering>
    <AllowNPCTriggering>False</AllowNPCTriggering>
    <SpawnOnTrigger>False</SpawnOnTrigger>
    <SmartSpawning>True</SmartSpawning>
    <TickReset>False</TickReset>
    <Team>0</Team>
    <Amount>1</Amount>
    <IsGroup>False</IsGroup>
    <IsRunning>True</IsRunning>
    <IsHomeRangeRelative>True</IsHomeRangeRelative>
    <Objects2>Brigand:MX=4:SB=0:RT=0:TO=0:KL=0:RK=0:CA=1:DN=-1:DX=-1:SP=1:PR=-1</Objects2>
  </Points>
  <Points>
    <Name>Spawner_Blackthorn</Name>
    <UniqueId>1c915c92-e4ef-43bc-ba3f-5d6133fb7a1a</UniqueId>
    <Map>Felucca</Map>
    <X>6430</X>
    <Y>2631</Y>
    <Width>10</Width>
    <Height>10</Height>
    <CentreX>6435</CentreX>
    <CentreY>2636</CentreY>
    <CentreZ>0</CentreZ>
    <Range>5</Range>
    <MaxCount>1</MaxCount>
    <MinDelay>60</MinDelay>
    <MaxDelay>150</MaxDelay>
    <DelayInSec>True</DelayInSec>
    <Duration>0</Duration>
    <DespawnTime>0</DespawnTime>
    <ProximityRange>-1</ProximityRange>
    <ProximityTriggerSound>500</ProximityTriggerSound>
    <TriggerProbability>1</TriggerProbability>
    <InContainer>False</InContainer>
    <MinRefractory>0</MinRefractory>
    <MaxRefractory>0</MaxRefractory>
    <TODStart>0</TODStart>
    <TODEnd>0</TODEnd>
    <TODMode>0</TODMode>
    <KillReset>1</KillReset>
    <ExternalTriggering>False</ExternalTriggering>
    <SequentialSpawning>-1</SequentialSpawning>
    <AllowGhostTriggering>False</AllowGhostTriggering>
    <AllowNPCTriggering>False</AllowNPCTriggering>
    <SpawnOnTrigger>False</SpawnOnTrigger>
    <SmartSpawning>True</SmartSpawning>
    <TickReset>False</TickReset>
    <Team>0</Team>
    <Amount>1</Amount>
    <IsGroup>False</IsGroup>
    <IsRunning>True</IsRunning>
    <IsHomeRangeRelative>True</IsHomeRangeRelative>
    <Objects2>Lich:MX=1:SB=0:RT=0:TO=0:KL=0:RK=0:CA=1:DN=-1:DX=-1:SP=1:PR=-1</Objects2>
  </Points>
  <Points>
    <Name>Spawner_Blackthorn</Name>
    <UniqueId>2c1ac02c-aecc-41f1-ba34-de9f4611de62</UniqueId>
    <Map>Felucca</Map>
    <X>6233</X>
    <Y>2686</Y>
    <Width>20</Width>
    <Height>20</Height>
    <CentreX>6243</CentreX>
    <CentreY>2696</CentreY>
    <CentreZ>0</CentreZ>
    <Range>5</Range>
    <MaxCount>4</MaxCount>
    <MinDelay>60</MinDelay>
    <MaxDelay>150</MaxDelay>
    <DelayInSec>True</DelayInSec>
    <Duration>0</Duration>
    <DespawnTime>0</DespawnTime>
    <ProximityRange>-1</ProximityRange>
    <ProximityTriggerSound>500</ProximityTriggerSound>
    <TriggerProbability>1</TriggerProbability>
    <InContainer>False</InContainer>
    <MinRefractory>0</MinRefractory>
    <MaxRefractory>0</MaxRefractory>
    <TODStart>0</TODStart>
    <TODEnd>0</TODEnd>
    <TODMode>0</TODMode>
    <KillReset>1</KillReset>
    <ExternalTriggering>False</ExternalTriggering>
    <SequentialSpawning>-1</SequentialSpawning>
    <AllowGhostTriggering>False</AllowGhostTriggering>
    <AllowNPCTriggering>False</AllowNPCTriggering>
    <SpawnOnTrigger>False</SpawnOnTrigger>
    <SmartSpawning>True</SmartSpawning>
    <TickReset>False</TickReset>
    <Team>0</Team>
    <Amount>1</Amount>
    <IsGroup>False</IsGroup>
    <IsRunning>True</IsRunning>
    <IsHomeRangeRelative>True</IsHomeRangeRelative>
    <Objects2>Brigand:MX=4:SB=0:RT=0:TO=0:KL=0:RK=0:CA=1:DN=-1:DX=-1:SP=1:PR=-1</Objects2>
  </Points>
  <Points>
    <Name>Spawner_Blackthorn</Name>
    <UniqueId>2f2ab768-0460-40b5-b496-8246fc2b1143</UniqueId>
    <Map>Felucca</Map>
    <X>6346</X>
    <Y>2765</Y>
    <Width>29</Width>
    <Height>19</Height>
    <CentreX>6358</CentreX>
    <CentreY>2770</CentreY>
    <CentreZ>0</CentreZ>
    <Range>5</Range>
    <MaxCount>5</MaxCount>
    <MinDelay>60</MinDelay>
    <MaxDelay>150</MaxDelay>
    <DelayInSec>True</DelayInSec>
    <Duration>0</Duration>
    <DespawnTime>0</DespawnTime>
    <ProximityRange>-1</ProximityRange>
    <ProximityTriggerSound>500</ProximityTriggerSound>
    <TriggerProbability>1</TriggerProbability>
    <InContainer>False</InContainer>
    <MinRefractory>0</MinRefractory>
    <MaxRefractory>0</MaxRefractory>
    <TODStart>0</TODStart>
    <TODEnd>0</TODEnd>
    <TODMode>0</TODMode>
    <KillReset>1</KillReset>
    <ExternalTriggering>False</ExternalTriggering>
    <SequentialSpawning>-1</SequentialSpawning>
    <AllowGhostTriggering>False</AllowGhostTriggering>
    <AllowNPCTriggering>False</AllowNPCTriggering>
    <SpawnOnTrigger>False</SpawnOnTrigger>
    <SmartSpawning>True</SmartSpawning>
    <TickReset>False</TickReset>
    <Team>0</Team>
    <Amount>1</Amount>
    <IsGroup>False</IsGroup>
    <IsRunning>True</IsRunning>
    <IsHomeRangeRelative>True</IsHomeRangeRelative>
    <Objects2>exodusminion:MX=5:SB=0:RT=0:TO=0:KL=0:RK=0:CA=1:DN=-1:DX=-1:SP=1:PR=-1</Objects2>
  </Points>
  <Points>
    <Name>Spawner_Blackthorn</Name>
    <UniqueId>3150efcf-79af-4532-8bcb-0631ddff4ac9</UniqueId>
    <Map>Felucca</Map>
    <X>6393</X>
    <Y>2591</Y>
    <Width>31</Width>
    <Height>17</Height>
    <CentreX>6405</CentreX>
    <CentreY>2595</CentreY>
    <CentreZ>0</CentreZ>
    <Range>5</Range>
    <MaxCount>2</MaxCount>
    <MinDelay>60</MinDelay>
    <MaxDelay>150</MaxDelay>
    <DelayInSec>True</DelayInSec>
    <Duration>0</Duration>
    <DespawnTime>0</DespawnTime>
    <ProximityRange>-1</ProximityRange>
    <ProximityTriggerSound>500</ProximityTriggerSound>
    <TriggerProbability>1</TriggerProbability>
    <InContainer>False</InContainer>
    <MinRefractory>0</MinRefractory>
    <MaxRefractory>0</MaxRefractory>
    <TODStart>0</TODStart>
    <TODEnd>0</TODEnd>
    <TODMode>0</TODMode>
    <KillReset>1</KillReset>
    <ExternalTriggering>False</ExternalTriggering>
    <SequentialSpawning>-1</SequentialSpawning>
    <AllowGhostTriggering>False</AllowGhostTriggering>
    <AllowNPCTriggering>False</AllowNPCTriggering>
    <SpawnOnTrigger>False</SpawnOnTrigger>
    <SmartSpawning>True</SmartSpawning>
    <TickReset>False</TickReset>
    <Team>0</Team>
    <Amount>1</Amount>
    <IsGroup>False</IsGroup>
    <IsRunning>True</IsRunning>
    <IsHomeRangeRelative>True</IsHomeRangeRelative>
    <Objects2>Lich:MX=2:SB=0:RT=0:TO=0:KL=0:RK=0:CA=1:DN=-1:DX=-1:SP=1:PR=-1</Objects2>
  </Points>
  <Points>
    <Name>Spawner_Blackthorn</Name>
    <UniqueId>31abaddb-2dba-468a-844a-9444396e7e8c</UniqueId>
    <Map>Felucca</Map>
    <X>6382</X>
    <Y>2731</Y>
    <Width>47</Width>
    <Height>38</Height>
    <CentreX>6405</CentreX>
    <CentreY>2750</CentreY>
    <CentreZ>0</CentreZ>
    <Range>5</Range>
    <MaxCount>9</MaxCount>
    <MinDelay>60</MinDelay>
    <MaxDelay>150</MaxDelay>
    <DelayInSec>True</DelayInSec>
    <Duration>0</Duration>
    <DespawnTime>0</DespawnTime>
    <ProximityRange>-1</ProximityRange>
    <ProximityTriggerSound>500</ProximityTriggerSound>
    <TriggerProbability>1</TriggerProbability>
    <InContainer>False</InContainer>
    <MinRefractory>0</MinRefractory>
    <MaxRefractory>0</MaxRefractory>
    <TODStart>0</TODStart>
    <TODEnd>0</TODEnd>
    <TODMode>0</TODMode>
    <KillReset>1</KillReset>
    <ExternalTriggering>False</ExternalTriggering>
    <SequentialSpawning>-1</SequentialSpawning>
    <AllowGhostTriggering>False</AllowGhostTriggering>
    <AllowNPCTriggering>False</AllowNPCTriggering>
    <SpawnOnTrigger>False</SpawnOnTrigger>
    <SmartSpawning>True</SmartSpawning>
    <TickReset>False</TickReset>
    <Team>0</Team>
    <Amount>1</Amount>
    <IsGroup>False</IsGroup>
    <IsRunning>True</IsRunning>
    <IsHomeRangeRelative>True</IsHomeRangeRelative>
    <Objects2>Dragon:MX=3:SB=0:RT=0:TO=0:KL=0:RK=0:CA=1:DN=-1:DX=-1:SP=1:PR=-1:OBJ=Drake:MX=5:SB=0:RT=0:TO=0:KL=0:RK=0:CA=1:DN=-1:DX=-1:SP=1:PR=-1:OBJ=GreaterDragon:MX=1:SB=0:RT=0:TO=0:KL=0:RK=0:CA=1:DN=-1:DX=-1:SP=1:PR=-1</Objects2>
  </Points>
  <Points>
    <Name>Spawner_Blackthorn</Name>
    <UniqueId>4a2613c4-1f2e-4a4d-a884-fec2db4e628f</UniqueId>
    <Map>Felucca</Map>
    <X>6263</X>
    <Y>2650</Y>
    <Width>20</Width>
    <Height>20</Height>
    <CentreX>6273</CentreX>
    <CentreY>2660</CentreY>
    <CentreZ>0</CentreZ>
    <Range>5</Range>
    <MaxCount>4</MaxCount>
    <MinDelay>60</MinDelay>
    <MaxDelay>150</MaxDelay>
    <DelayInSec>True</DelayInSec>
    <Duration>0</Duration>
    <DespawnTime>0</DespawnTime>
    <ProximityRange>-1</ProximityRange>
    <ProximityTriggerSound>500</ProximityTriggerSound>
    <TriggerProbability>1</TriggerProbability>
    <InContainer>False</InContainer>
    <MinRefractory>0</MinRefractory>
    <MaxRefractory>0</MaxRefractory>
    <TODStart>0</TODStart>
    <TODEnd>0</TODEnd>
    <TODMode>0</TODMode>
    <KillReset>1</KillReset>
    <ExternalTriggering>False</ExternalTriggering>
    <SequentialSpawning>-1</SequentialSpawning>
    <AllowGhostTriggering>False</AllowGhostTriggering>
    <AllowNPCTriggering>False</AllowNPCTriggering>
    <SpawnOnTrigger>False</SpawnOnTrigger>
    <SmartSpawning>True</SmartSpawning>
    <TickReset>False</TickReset>
    <Team>0</Team>
    <Amount>1</Amount>
    <IsGroup>False</IsGroup>
    <IsRunning>True</IsRunning>
    <IsHomeRangeRelative>True</IsHomeRangeRelative>
    <Objects2>Brigand:MX=4:SB=0:RT=0:TO=0:KL=0:RK=0:CA=1:DN=-1:DX=-1:SP=1:PR=-1</Objects2>
  </Points>
  <Points>
    <Name>Spawner_Blackthorn</Name>
    <UniqueId>54bb36e3-6d11-4bac-9cc5-8570f7b31af3</UniqueId>
    <Map>Felucca</Map>
    <X>6448</X>
    <Y>2610</Y>
    <Width>12</Width>
    <Height>22</Height>
    <CentreX>6455</CentreX>
    <CentreY>2621</CentreY>
    <CentreZ>0</CentreZ>
    <Range>5</Range>
    <MaxCount>4</MaxCount>
    <MinDelay>60</MinDelay>
    <MaxDelay>150</MaxDelay>
    <DelayInSec>True</DelayInSec>
    <Duration>0</Duration>
    <DespawnTime>0</DespawnTime>
    <ProximityRange>-1</ProximityRange>
    <ProximityTriggerSound>500</ProximityTriggerSound>
    <TriggerProbability>1</TriggerProbability>
    <InContainer>False</InContainer>
    <MinRefractory>0</MinRefractory>
    <MaxRefractory>0</MaxRefractory>
    <TODStart>0</TODStart>
    <TODEnd>0</TODEnd>
    <TODMode>0</TODMode>
    <KillReset>1</KillReset>
    <ExternalTriggering>False</ExternalTriggering>
    <SequentialSpawning>-1</SequentialSpawning>
    <AllowGhostTriggering>False</AllowGhostTriggering>
    <AllowNPCTriggering>False</AllowNPCTriggering>
    <SpawnOnTrigger>False</SpawnOnTrigger>
    <SmartSpawning>True</SmartSpawning>
    <TickReset>False</TickReset>
    <Team>0</Team>
    <Amount>1</Amount>
    <IsGroup>False</IsGroup>
    <IsRunning>True</IsRunning>
    <IsHomeRangeRelative>True</IsHomeRangeRelative>
    <Objects2>GiantSpider:MX=4:SB=0:RT=0:TO=0:KL=0:RK=0:CA=1:DN=-1:DX=-1:SP=1:PR=-1</Objects2>
  </Points>
  <Points>
    <Name>Spawner_Blackthorn</Name>
    <UniqueId>6a81d71b-a147-4f34-a31b-f924d39e2b8a</UniqueId>
    <Map>Felucca</Map>
    <X>6290</X>
    <Y>2687</Y>
    <Width>20</Width>
    <Height>20</Height>
    <CentreX>6300</CentreX>
    <CentreY>2697</CentreY>
    <CentreZ>0</CentreZ>
    <Range>5</Range>
    <MaxCount>4</MaxCount>
    <MinDelay>60</MinDelay>
    <MaxDelay>150</MaxDelay>
    <DelayInSec>True</DelayInSec>
    <Duration>0</Duration>
    <DespawnTime>0</DespawnTime>
    <ProximityRange>-1</ProximityRange>
    <ProximityTriggerSound>500</ProximityTriggerSound>
    <TriggerProbability>1</TriggerProbability>
    <InContainer>False</InContainer>
    <MinRefractory>0</MinRefractory>
    <MaxRefractory>0</MaxRefractory>
    <TODStart>0</TODStart>
    <TODEnd>0</TODEnd>
    <TODMode>0</TODMode>
    <KillReset>1</KillReset>
    <ExternalTriggering>False</ExternalTriggering>
    <SequentialSpawning>-1</SequentialSpawning>
    <AllowGhostTriggering>False</AllowGhostTriggering>
    <AllowNPCTriggering>False</AllowNPCTriggering>
    <SpawnOnTrigger>False</SpawnOnTrigger>
    <SmartSpawning>True</SmartSpawning>
    <TickReset>False</TickReset>
    <Team>0</Team>
    <Amount>1</Amount>
    <IsGroup>False</IsGroup>
    <IsRunning>True</IsRunning>
    <IsHomeRangeRelative>True</IsHomeRangeRelative>
    <Objects2>Brigand:MX=4:SB=0:RT=0:TO=0:KL=0:RK=0:CA=1:DN=-1:DX=-1:SP=1:PR=-1</Objects2>
  </Points>
  <Points>
    <Name>Spawner_Blackthorn</Name>
    <UniqueId>963b61c5-453f-4af2-950a-1d825a78385e</UniqueId>
    <Map>Felucca</Map>
    <X>6236</X>
    <Y>2650</Y>
    <Width>20</Width>
    <Height>20</Height>
    <CentreX>6246</CentreX>
    <CentreY>2660</CentreY>
    <CentreZ>0</CentreZ>
    <Range>5</Range>
    <MaxCount>4</MaxCount>
    <MinDelay>60</MinDelay>
    <MaxDelay>150</MaxDelay>
    <DelayInSec>True</DelayInSec>
    <Duration>0</Duration>
    <DespawnTime>0</DespawnTime>
    <ProximityRange>-1</ProximityRange>
    <ProximityTriggerSound>500</ProximityTriggerSound>
    <TriggerProbability>1</TriggerProbability>
    <InContainer>False</InContainer>
    <MinRefractory>0</MinRefractory>
    <MaxRefractory>0</MaxRefractory>
    <TODStart>0</TODStart>
    <TODEnd>0</TODEnd>
    <TODMode>0</TODMode>
    <KillReset>1</KillReset>
    <ExternalTriggering>False</ExternalTriggering>
    <SequentialSpawning>-1</SequentialSpawning>
    <AllowGhostTriggering>False</AllowGhostTriggering>
    <AllowNPCTriggering>False</AllowNPCTriggering>
    <SpawnOnTrigger>False</SpawnOnTrigger>
    <SmartSpawning>True</SmartSpawning>
    <TickReset>False</TickReset>
    <Team>0</Team>
    <Amount>1</Amount>
    <IsGroup>False</IsGroup>
    <IsRunning>True</IsRunning>
    <IsHomeRangeRelative>True</IsHomeRangeRelative>
    <Objects2>Brigand:MX=4:SB=0:RT=0:TO=0:KL=0:RK=0:CA=1:DN=-1:DX=-1:SP=1:PR=-1</Objects2>
  </Points>
  <Points>
    <Name>Spawner_Blackthorn</Name>
    <UniqueId>98ac1b0c-6c6c-4055-b404-e4a1f6929f86</UniqueId>
    <Map>Felucca</Map>
    <X>6206</X>
    <Y>2662</Y>
    <Width>30</Width>
    <Height>30</Height>
    <CentreX>6221</CentreX>
    <CentreY>2677</CentreY>
    <CentreZ>0</CentreZ>
    <Range>5</Range>
    <MaxCount>5</MaxCount>
    <MinDelay>60</MinDelay>
    <MaxDelay>150</MaxDelay>
    <DelayInSec>True</DelayInSec>
    <Duration>0</Duration>
    <DespawnTime>0</DespawnTime>
    <ProximityRange>-1</ProximityRange>
    <ProximityTriggerSound>500</ProximityTriggerSound>
    <TriggerProbability>1</TriggerProbability>
    <InContainer>False</InContainer>
    <MinRefractory>0</MinRefractory>
    <MaxRefractory>0</MaxRefractory>
    <TODStart>0</TODStart>
    <TODEnd>0</TODEnd>
    <TODMode>0</TODMode>
    <KillReset>1</KillReset>
    <ExternalTriggering>False</ExternalTriggering>
    <SequentialSpawning>-1</SequentialSpawning>
    <AllowGhostTriggering>False</AllowGhostTriggering>
    <AllowNPCTriggering>False</AllowNPCTriggering>
    <SpawnOnTrigger>False</SpawnOnTrigger>
    <SmartSpawning>True</SmartSpawning>
    <TickReset>False</TickReset>
    <Team>0</Team>
    <Amount>1</Amount>
    <IsGroup>False</IsGroup>
    <IsRunning>True</IsRunning>
    <IsHomeRangeRelative>True</IsHomeRangeRelative>
    <Objects2>Brigand:MX=5:SB=0:RT=0:TO=0:KL=0:RK=0:CA=1:DN=-1:DX=-1:SP=1:PR=-1</Objects2>
  </Points>
  <Points>
    <Name>Spawner_Blackthorn</Name>
    <UniqueId>a6fc4857-a6ae-4047-9b70-c88c4d3c9aa0</UniqueId>
    <Map>Felucca</Map>
    <X>6441</X>
    <Y>2764</Y>
    <Width>28</Width>
    <Height>19</Height>
    <CentreX>6457</CentreX>
    <CentreY>2772</CentreY>
    <CentreZ>0</CentreZ>
    <Range>5</Range>
    <MaxCount>5</MaxCount>
    <MinDelay>60</MinDelay>
    <MaxDelay>150</MaxDelay>
    <DelayInSec>True</DelayInSec>
    <Duration>0</Duration>
    <DespawnTime>0</DespawnTime>
    <ProximityRange>-1</ProximityRange>
    <ProximityTriggerSound>500</ProximityTriggerSound>
    <TriggerProbability>1</TriggerProbability>
    <InContainer>False</InContainer>
    <MinRefractory>0</MinRefractory>
    <MaxRefractory>0</MaxRefractory>
    <TODStart>0</TODStart>
    <TODEnd>0</TODEnd>
    <TODMode>0</TODMode>
    <KillReset>1</KillReset>
    <ExternalTriggering>False</ExternalTriggering>
    <SequentialSpawning>-1</SequentialSpawning>
    <AllowGhostTriggering>False</AllowGhostTriggering>
    <AllowNPCTriggering>False</AllowNPCTriggering>
    <SpawnOnTrigger>False</SpawnOnTrigger>
    <SmartSpawning>True</SmartSpawning>
    <TickReset>False</TickReset>
    <Team>0</Team>
    <Amount>1</Amount>
    <IsGroup>False</IsGroup>
    <IsRunning>True</IsRunning>
    <IsHomeRangeRelative>True</IsHomeRangeRelative>
    <Objects2>RottingCorpse:MX=5:SB=0:RT=0:TO=0:KL=0:RK=0:CA=1:DN=-1:DX=-1:SP=1:PR=-1</Objects2>
  </Points>
  <Points>
    <Name>Spawner_Blackthorn</Name>
    <UniqueId>aa415b36-5f35-4e4e-be7c-140b4511469b</UniqueId>
    <Map>Felucca</Map>
    <X>6404</X>
    <Y>2615</Y>
    <Width>10</Width>
    <Height>10</Height>
    <CentreX>6409</CentreX>
    <CentreY>2620</CentreY>
    <CentreZ>0</CentreZ>
    <Range>5</Range>
    <MaxCount>2</MaxCount>
    <MinDelay>60</MinDelay>
    <MaxDelay>150</MaxDelay>
    <DelayInSec>True</DelayInSec>
    <Duration>0</Duration>
    <DespawnTime>0</DespawnTime>
    <ProximityRange>-1</ProximityRange>
    <ProximityTriggerSound>500</ProximityTriggerSound>
    <TriggerProbability>1</TriggerProbability>
    <InContainer>False</InContainer>
    <MinRefractory>0</MinRefractory>
    <MaxRefractory>0</MaxRefractory>
    <TODStart>0</TODStart>
    <TODEnd>0</TODEnd>
    <TODMode>0</TODMode>
    <KillReset>1</KillReset>
    <ExternalTriggering>False</ExternalTriggering>
    <SequentialSpawning>-1</SequentialSpawning>
    <AllowGhostTriggering>False</AllowGhostTriggering>
    <AllowNPCTriggering>False</AllowNPCTriggering>
    <SpawnOnTrigger>False</SpawnOnTrigger>
    <SmartSpawning>True</SmartSpawning>
    <TickReset>False</TickReset>
    <Team>0</Team>
    <Amount>1</Amount>
    <IsGroup>False</IsGroup>
    <IsRunning>True</IsRunning>
    <IsHomeRangeRelative>True</IsHomeRangeRelative>
    <Objects2>GoldenElemental:MX=2:SB=0:RT=0:TO=0:KL=0:RK=0:CA=1:DN=-1:DX=-1:SP=1:PR=-1</Objects2>
  </Points>
  <Points>
    <Name>Spawner_Blackthorn</Name>
    <UniqueId>b2722b03-454f-41a8-bba2-0808f499a426</UniqueId>
    <Map>Felucca</Map>
    <X>6395</X>
    <Y>2783</Y>
    <Width>26</Width>
    <Height>18</Height>
    <CentreX>6407</CentreX>
    <CentreY>2792</CentreY>
    <CentreZ>0</CentreZ>
    <Range>5</Range>
    <MaxCount>14</MaxCount>
    <MinDelay>60</MinDelay>
    <MaxDelay>150</MaxDelay>
    <DelayInSec>True</DelayInSec>
    <Duration>0</Duration>
    <DespawnTime>0</DespawnTime>
    <ProximityRange>-1</ProximityRange>
    <ProximityTriggerSound>500</ProximityTriggerSound>
    <TriggerProbability>1</TriggerProbability>
    <InContainer>False</InContainer>
    <MinRefractory>0</MinRefractory>
    <MaxRefractory>0</MaxRefractory>
    <TODStart>0</TODStart>
    <TODEnd>0</TODEnd>
    <TODMode>0</TODMode>
    <KillReset>1</KillReset>
    <ExternalTriggering>False</ExternalTriggering>
    <SequentialSpawning>-1</SequentialSpawning>
    <AllowGhostTriggering>False</AllowGhostTriggering>
    <AllowNPCTriggering>False</AllowNPCTriggering>
    <SpawnOnTrigger>False</SpawnOnTrigger>
    <SmartSpawning>True</SmartSpawning>
    <TickReset>False</TickReset>
    <Team>0</Team>
    <Amount>1</Amount>
    <IsGroup>False</IsGroup>
    <IsRunning>True</IsRunning>
    <IsHomeRangeRelative>True</IsHomeRangeRelative>
    <Objects2>giantrat:MX=10:SB=0:RT=0:TO=0:KL=0:RK=0:CA=1:DN=-1:DX=-1:SP=1:PR=-1:OBJ=vampirebat:MX=4:SB=0:RT=0:TO=0:KL=0:RK=0:CA=1:DN=-1:DX=-1:SP=1:PR=-1</Objects2>
  </Points>
  <Points>
    <Name>Spawner_Blackthorn</Name>
    <UniqueId>b9bbce16-63b8-4882-aed2-dad60eba6554</UniqueId>
    <Map>Felucca</Map>
    <X>6189</X>
    <Y>2572</Y>
    <Width>30</Width>
    <Height>30</Height>
    <CentreX>6204</CentreX>
    <CentreY>2587</CentreY>
    <CentreZ>0</CentreZ>
    <Range>5</Range>
    <MaxCount>5</MaxCount>
    <MinDelay>60</MinDelay>
    <MaxDelay>150</MaxDelay>
    <DelayInSec>True</DelayInSec>
    <Duration>0</Duration>
    <DespawnTime>0</DespawnTime>
    <ProximityRange>-1</ProximityRange>
    <ProximityTriggerSound>500</ProximityTriggerSound>
    <TriggerProbability>1</TriggerProbability>
    <InContainer>False</InContainer>
    <MinRefractory>0</MinRefractory>
    <MaxRefractory>0</MaxRefractory>
    <TODStart>0</TODStart>
    <TODEnd>0</TODEnd>
    <TODMode>0</TODMode>
    <KillReset>1</KillReset>
    <ExternalTriggering>False</ExternalTriggering>
    <SequentialSpawning>-1</SequentialSpawning>
    <AllowGhostTriggering>False</AllowGhostTriggering>
    <AllowNPCTriggering>False</AllowNPCTriggering>
    <SpawnOnTrigger>False</SpawnOnTrigger>
    <SmartSpawning>True</SmartSpawning>
    <TickReset>False</TickReset>
    <Team>0</Team>
    <Amount>1</Amount>
    <IsGroup>False</IsGroup>
    <IsRunning>True</IsRunning>
    <IsHomeRangeRelative>True</IsHomeRangeRelative>
    <Objects2>EarthElemental:MX=5:SB=0:RT=0:TO=0:KL=0:RK=0:CA=1:DN=-1:DX=-1:SP=1:PR=-1</Objects2>
  </Points>
  <Points>
    <Name>Spawner_Blackthorn</Name>
    <UniqueId>c43c7aac-1d5d-42bd-8850-69fe5f2450f5</UniqueId>
    <Map>Felucca</Map>
    <X>6313</X>
    <Y>2665</Y>
    <Width>30</Width>
    <Height>30</Height>
    <CentreX>6328</CentreX>
    <CentreY>2680</CentreY>
    <CentreZ>0</CentreZ>
    <Range>5</Range>
    <MaxCount>10</MaxCount>
    <MinDelay>60</MinDelay>
    <MaxDelay>150</MaxDelay>
    <DelayInSec>True</DelayInSec>
    <Duration>0</Duration>
    <DespawnTime>0</DespawnTime>
    <ProximityRange>-1</ProximityRange>
    <ProximityTriggerSound>500</ProximityTriggerSound>
    <TriggerProbability>1</TriggerProbability>
    <InContainer>False</InContainer>
    <MinRefractory>0</MinRefractory>
    <MaxRefractory>0</MaxRefractory>
    <TODStart>0</TODStart>
    <TODEnd>0</TODEnd>
    <TODMode>0</TODMode>
    <KillReset>1</KillReset>
    <ExternalTriggering>False</ExternalTriggering>
    <SequentialSpawning>-1</SequentialSpawning>
    <AllowGhostTriggering>False</AllowGhostTriggering>
    <AllowNPCTriggering>False</AllowNPCTriggering>
    <SpawnOnTrigger>False</SpawnOnTrigger>
    <SmartSpawning>True</SmartSpawning>
    <TickReset>False</TickReset>
    <Team>0</Team>
    <Amount>1</Amount>
    <IsGroup>False</IsGroup>
    <IsRunning>True</IsRunning>
    <IsHomeRangeRelative>True</IsHomeRangeRelative>
    <Objects2>Skeleton:MX=10:SB=0:RT=0:TO=0:KL=0:RK=0:CA=1:DN=-1:DX=-1:SP=1:PR=-1</Objects2>
  </Points>
  <Points>
    <Name>Spawner_Blackthorn</Name>
    <UniqueId>cfe25f67-6681-4915-8277-06352e8e80d5</UniqueId>
    <Map>Felucca</Map>
    <X>6358</X>
    <Y>2674</Y>
    <Width>10</Width>
    <Height>10</Height>
    <CentreX>6363</CentreX>
    <CentreY>2679</CentreY>
    <CentreZ>0</CentreZ>
    <Range>5</Range>
    <MaxCount>5</MaxCount>
    <MinDelay>60</MinDelay>
    <MaxDelay>150</MaxDelay>
    <DelayInSec>True</DelayInSec>
    <Duration>0</Duration>
    <DespawnTime>0</DespawnTime>
    <ProximityRange>-1</ProximityRange>
    <ProximityTriggerSound>500</ProximityTriggerSound>
    <TriggerProbability>1</TriggerProbability>
    <InContainer>False</InContainer>
    <MinRefractory>0</MinRefractory>
    <MaxRefractory>0</MaxRefractory>
    <TODStart>0</TODStart>
    <TODEnd>0</TODEnd>
    <TODMode>0</TODMode>
    <KillReset>1</KillReset>
    <ExternalTriggering>False</ExternalTriggering>
    <SequentialSpawning>-1</SequentialSpawning>
    <AllowGhostTriggering>False</AllowGhostTriggering>
    <AllowNPCTriggering>False</AllowNPCTriggering>
    <SpawnOnTrigger>False</SpawnOnTrigger>
    <SmartSpawning>True</SmartSpawning>
    <TickReset>False</TickReset>
    <Team>0</Team>
    <Amount>1</Amount>
    <IsGroup>False</IsGroup>
    <IsRunning>True</IsRunning>
    <IsHomeRangeRelative>True</IsHomeRangeRelative>
    <Objects2>HellHound:MX=5:SB=0:RT=0:TO=0:KL=0:RK=0:CA=1:DN=-1:DX=-1:SP=1:PR=-1</Objects2>
  </Points>
  <Points>
    <Name>Spawner_Blackthorn</Name>
    <UniqueId>daa08e2e-7fe4-422f-a9ff-cfa8cae04ee6</UniqueId>
    <Map>Felucca</Map>
    <X>6457</X>
    <Y>2750</Y>
    <Width>10</Width>
    <Height>5</Height>
    <CentreX>6462</CentreX>
    <CentreY>2752</CentreY>
    <CentreZ>0</CentreZ>
    <Range>5</Range>
    <MaxCount>5</MaxCount>
    <MinDelay>60</MinDelay>
    <MaxDelay>150</MaxDelay>
    <DelayInSec>True</DelayInSec>
    <Duration>0</Duration>
    <DespawnTime>0</DespawnTime>
    <ProximityRange>-1</ProximityRange>
    <ProximityTriggerSound>500</ProximityTriggerSound>
    <TriggerProbability>1</TriggerProbability>
    <InContainer>False</InContainer>
    <MinRefractory>0</MinRefractory>
    <MaxRefractory>0</MaxRefractory>
    <TODStart>0</TODStart>
    <TODEnd>0</TODEnd>
    <TODMode>0</TODMode>
    <KillReset>1</KillReset>
    <ExternalTriggering>False</ExternalTriggering>
    <SequentialSpawning>-1</SequentialSpawning>
    <AllowGhostTriggering>False</AllowGhostTriggering>
    <AllowNPCTriggering>False</AllowNPCTriggering>
    <SpawnOnTrigger>False</SpawnOnTrigger>
    <SmartSpawning>True</SmartSpawning>
    <TickReset>False</TickReset>
    <Team>0</Team>
    <Amount>1</Amount>
    <IsGroup>False</IsGroup>
    <IsRunning>True</IsRunning>
    <IsHomeRangeRelative>True</IsHomeRangeRelative>
    <Objects2>FrostOoze:MX=3:SB=0:RT=0:TO=0:KL=0:RK=0:CA=1:DN=-1:DX=-1:SP=1:PR=-1:OBJ=SnowElemental:MX=2:SB=0:RT=0:TO=0:KL=0:RK=0:CA=1:DN=-1:DX=-1:SP=1:PR=-1</Objects2>
  </Points>
  <Points>
    <Name>Spawner_Blackthorn</Name>
    <UniqueId>ee690a8a-1405-4b38-9e71-4c9196732b65</UniqueId>
    <Map>Felucca</Map>
    <X>6291</X>
    <Y>2650</Y>
    <Width>20</Width>
    <Height>20</Height>
    <CentreX>6301</CentreX>
    <CentreY>2660</CentreY>
    <CentreZ>0</CentreZ>
    <Range>5</Range>
    <MaxCount>4</MaxCount>
    <MinDelay>60</MinDelay>
    <MaxDelay>150</MaxDelay>
    <DelayInSec>True</DelayInSec>
    <Duration>0</Duration>
    <DespawnTime>0</DespawnTime>
    <ProximityRange>-1</ProximityRange>
    <ProximityTriggerSound>500</ProximityTriggerSound>
    <TriggerProbability>1</TriggerProbability>
    <InContainer>False</InContainer>
    <MinRefractory>0</MinRefractory>
    <MaxRefractory>0</MaxRefractory>
    <TODStart>0</TODStart>
    <TODEnd>0</TODEnd>
    <TODMode>0</TODMode>
    <KillReset>1</KillReset>
    <ExternalTriggering>False</ExternalTriggering>
    <SequentialSpawning>-1</SequentialSpawning>
    <AllowGhostTriggering>False</AllowGhostTriggering>
    <AllowNPCTriggering>False</AllowNPCTriggering>
    <SpawnOnTrigger>False</SpawnOnTrigger>
    <SmartSpawning>True</SmartSpawning>
    <TickReset>False</TickReset>
    <Team>0</Team>
    <Amount>1</Amount>
    <IsGroup>False</IsGroup>
    <IsRunning>True</IsRunning>
    <IsHomeRangeRelative>True</IsHomeRangeRelative>
    <Objects2>Brigand:MX=4:SB=0:RT=0:TO=0:KL=0:RK=0:CA=1:DN=-1:DX=-1:SP=1:PR=-1</Objects2>
  </Points>
  <Points>
    <Name>Spawner_Blackthorn</Name>
    <UniqueId>efd7f97c-a761-463b-98ba-9c3fe1df5bd6</UniqueId>
    <Map>Felucca</Map>
    <X>6424</X>
    <Y>2701</Y>
    <Width>16</Width>
    <Height>16</Height>
    <CentreX>6432</CentreX>
    <CentreY>2709</CentreY>
    <CentreZ>0</CentreZ>
    <Range>5</Range>
    <MaxCount>3</MaxCount>
    <MinDelay>60</MinDelay>
    <MaxDelay>150</MaxDelay>
    <DelayInSec>True</DelayInSec>
    <Duration>0</Duration>
    <DespawnTime>0</DespawnTime>
    <ProximityRange>-1</ProximityRange>
    <ProximityTriggerSound>500</ProximityTriggerSound>
    <TriggerProbability>1</TriggerProbability>
    <InContainer>False</InContainer>
    <MinRefractory>0</MinRefractory>
    <MaxRefractory>0</MaxRefractory>
    <TODStart>0</TODStart>
    <TODEnd>0</TODEnd>
    <TODMode>0</TODMode>
    <KillReset>1</KillReset>
    <ExternalTriggering>False</ExternalTriggering>
    <SequentialSpawning>-1</SequentialSpawning>
    <AllowGhostTriggering>False</AllowGhostTriggering>
    <AllowNPCTriggering>False</AllowNPCTriggering>
    <SpawnOnTrigger>False</SpawnOnTrigger>
    <SmartSpawning>True</SmartSpawning>
    <TickReset>False</TickReset>
    <Team>0</Team>
    <Amount>1</Amount>
    <IsGroup>False</IsGroup>
    <IsRunning>True</IsRunning>
    <IsHomeRangeRelative>True</IsHomeRangeRelative>
    <Objects2>EvilMage:MX=2:SB=0:RT=0:TO=0:KL=0:RK=0:CA=1:DN=-1:DX=-1:SP=1:PR=-1:OBJ=EvilMageLord:MX=1:SB=0:RT=0:TO=0:KL=0:RK=0:CA=1:DN=-1:DX=-1:SP=1:PR=-1</Objects2>
  </Points>
  <Points>
    <Name>Spawner_Blackthorn</Name>
    <UniqueId>f4b89d1c-28c3-480e-ad99-ddac1e052756</UniqueId>
    <Map>Felucca</Map>
    <X>6350</X>
    <Y>2750</Y>
    <Width>7</Width>
    <Height>6</Height>
    <CentreX>6354</CentreX>
    <CentreY>2752</CentreY>
    <CentreZ>0</CentreZ>
    <Range>5</Range>
    <MaxCount>4</MaxCount>
    <MinDelay>60</MinDelay>
    <MaxDelay>150</MaxDelay>
    <DelayInSec>True</DelayInSec>
    <Duration>0</Duration>
    <DespawnTime>0</DespawnTime>
    <ProximityRange>-1</ProximityRange>
    <ProximityTriggerSound>500</ProximityTriggerSound>
    <TriggerProbability>1</TriggerProbability>
    <InContainer>False</InContainer>
    <MinRefractory>0</MinRefractory>
    <MaxRefractory>0</MaxRefractory>
    <TODStart>0</TODStart>
    <TODEnd>0</TODEnd>
    <TODMode>0</TODMode>
    <KillReset>1</KillReset>
    <ExternalTriggering>False</ExternalTriggering>
    <SequentialSpawning>-1</SequentialSpawning>
    <AllowGhostTriggering>False</AllowGhostTriggering>
    <AllowNPCTriggering>False</AllowNPCTriggering>
    <SpawnOnTrigger>False</SpawnOnTrigger>
    <SmartSpawning>True</SmartSpawning>
    <TickReset>False</TickReset>
    <Team>0</Team>
    <Amount>1</Amount>
    <IsGroup>False</IsGroup>
    <IsRunning>True</IsRunning>
    <IsHomeRangeRelative>True</IsHomeRangeRelative>
    <Objects2>golemcontroller:MX=2:SB=0:RT=0:TO=0:KL=0:RK=0:CA=1:DN=-1:DX=-1:SP=1:PR=-1:OBJ=golem:MX=2:SB=0:RT=0:TO=0:KL=0:RK=0:CA=1:DN=-1:DX=-1:SP=1:PR=-1</Objects2>
  </Points>
  <Points>
    <Name>AgentOfTheCrown</Name>
    <UniqueId>124991ad-a0b9-43b7-a14d-d6e7611fcae5</UniqueId>
    <Map>Felucca</Map>
    <X>1442</X>
    <Y>1691</Y>
    <Width>0</Width>
    <Height>0</Height>
    <CentreX>1442</CentreX>
    <CentreY>1691</CentreY>
    <CentreZ>0</CentreZ>
    <Range>5</Range>
    <MaxCount>1</MaxCount>
    <MinDelay>5</MinDelay>
    <MaxDelay>10</MaxDelay>
    <DelayInSec>False</DelayInSec>
    <Duration>0</Duration>
    <DespawnTime>0</DespawnTime>
    <ProximityRange>-1</ProximityRange>
    <ProximityTriggerSound>500</ProximityTriggerSound>
    <TriggerProbability>1</TriggerProbability>
    <InContainer>False</InContainer>
    <MinRefractory>0</MinRefractory>
    <MaxRefractory>0</MaxRefractory>
    <TODStart>0</TODStart>
    <TODEnd>0</TODEnd>
    <TODMode>0</TODMode>
    <KillReset>1</KillReset>
    <ExternalTriggering>False</ExternalTriggering>
    <SequentialSpawning>-1</SequentialSpawning>
    <AllowGhostTriggering>False</AllowGhostTriggering>
    <AllowNPCTriggering>False</AllowNPCTriggering>
    <SpawnOnTrigger>False</SpawnOnTrigger>
    <SmartSpawning>False</SmartSpawning>
    <TickReset>False</TickReset>
    <Team>0</Team>
    <Amount>1</Amount>
    <IsGroup>False</IsGroup>
    <IsRunning>True</IsRunning>
    <IsHomeRangeRelative>True</IsHomeRangeRelative>
    <Objects2>AgentOfTheCrown:MX=1:SB=0:RT=0:TO=0:KL=0:RK=0:CA=1:DN=-1:DX=-1:SP=1:PR=-1</Objects2>
  </Points>
  <Points>
    <Name>AgentOfTheCrown</Name>
    <UniqueId>4e04f5b0-ba78-42fb-be1a-79752f4e0649</UniqueId>
    <Map>Felucca</Map>
    <X>589</X>
    <Y>2152</Y>
    <Width>0</Width>
    <Height>0</Height>
    <CentreX>589</CentreX>
    <CentreY>2152</CentreY>
    <CentreZ>0</CentreZ>
    <Range>5</Range>
    <MaxCount>1</MaxCount>
    <MinDelay>5</MinDelay>
    <MaxDelay>10</MaxDelay>
    <DelayInSec>False</DelayInSec>
    <Duration>0</Duration>
    <DespawnTime>0</DespawnTime>
    <ProximityRange>-1</ProximityRange>
    <ProximityTriggerSound>500</ProximityTriggerSound>
    <TriggerProbability>1</TriggerProbability>
    <InContainer>False</InContainer>
    <MinRefractory>0</MinRefractory>
    <MaxRefractory>0</MaxRefractory>
    <TODStart>0</TODStart>
    <TODEnd>0</TODEnd>
    <TODMode>0</TODMode>
    <KillReset>1</KillReset>
    <ExternalTriggering>False</ExternalTriggering>
    <SequentialSpawning>-1</SequentialSpawning>
    <AllowGhostTriggering>False</AllowGhostTriggering>
    <AllowNPCTriggering>False</AllowNPCTriggering>
    <SpawnOnTrigger>False</SpawnOnTrigger>
    <SmartSpawning>False</SmartSpawning>
    <TickReset>False</TickReset>
    <Team>0</Team>
    <Amount>1</Amount>
    <IsGroup>False</IsGroup>
    <IsRunning>True</IsRunning>
    <IsHomeRangeRelative>True</IsHomeRangeRelative>
    <Objects2>AgentOfTheCrown:MX=1:SB=0:RT=0:TO=0:KL=0:RK=0:CA=1:DN=-1:DX=-1:SP=1:PR=-1</Objects2>
  </Points>
  <Points>
    <Name>AgentOfTheCrown</Name>
    <UniqueId>6423eeae-18bb-4aad-98be-e30929d96178</UniqueId>
    <Map>Felucca</Map>
    <X>3795</X>
    <Y>2247</Y>
    <Width>0</Width>
    <Height>0</Height>
    <CentreX>3795</CentreX>
    <CentreY>2247</CentreY>
    <CentreZ>20</CentreZ>
    <Range>5</Range>
    <MaxCount>1</MaxCount>
    <MinDelay>5</MinDelay>
    <MaxDelay>10</MaxDelay>
    <DelayInSec>False</DelayInSec>
    <Duration>0</Duration>
    <DespawnTime>0</DespawnTime>
    <ProximityRange>-1</ProximityRange>
    <ProximityTriggerSound>500</ProximityTriggerSound>
    <TriggerProbability>1</TriggerProbability>
    <InContainer>False</InContainer>
    <MinRefractory>0</MinRefractory>
    <MaxRefractory>0</MaxRefractory>
    <TODStart>0</TODStart>
    <TODEnd>0</TODEnd>
    <TODMode>0</TODMode>
    <KillReset>1</KillReset>
    <ExternalTriggering>False</ExternalTriggering>
    <SequentialSpawning>-1</SequentialSpawning>
    <AllowGhostTriggering>False</AllowGhostTriggering>
    <AllowNPCTriggering>False</AllowNPCTriggering>
    <SpawnOnTrigger>False</SpawnOnTrigger>
    <SmartSpawning>False</SmartSpawning>
    <TickReset>False</TickReset>
    <Team>0</Team>
    <Amount>1</Amount>
    <IsGroup>False</IsGroup>
    <IsRunning>True</IsRunning>
    <IsHomeRangeRelative>True</IsHomeRangeRelative>
    <Objects2>AgentOfTheCrown:MX=1:SB=0:RT=0:TO=0:KL=0:RK=0:CA=1:DN=-1:DX=-1:SP=1:PR=-1</Objects2>
  </Points>
  <Points>
    <Name>AgentOfTheCrown</Name>
    <UniqueId>88da5613-6ff0-499a-924a-9da2e31b7782</UniqueId>
    <Map>Felucca</Map>
    <X>1904</X>
    <Y>2681</Y>
    <Width>0</Width>
    <Height>0</Height>
    <CentreX>1904</CentreX>
    <CentreY>2681</CentreY>
    <CentreZ>0</CentreZ>
    <Range>5</Range>
    <MaxCount>1</MaxCount>
    <MinDelay>5</MinDelay>
    <MaxDelay>10</MaxDelay>
    <DelayInSec>False</DelayInSec>
    <Duration>0</Duration>
    <DespawnTime>0</DespawnTime>
    <ProximityRange>-1</ProximityRange>
    <ProximityTriggerSound>500</ProximityTriggerSound>
    <TriggerProbability>1</TriggerProbability>
    <InContainer>False</InContainer>
    <MinRefractory>0</MinRefractory>
    <MaxRefractory>0</MaxRefractory>
    <TODStart>0</TODStart>
    <TODEnd>0</TODEnd>
    <TODMode>0</TODMode>
    <KillReset>1</KillReset>
    <ExternalTriggering>False</ExternalTriggering>
    <SequentialSpawning>-1</SequentialSpawning>
    <AllowGhostTriggering>False</AllowGhostTriggering>
    <AllowNPCTriggering>False</AllowNPCTriggering>
    <SpawnOnTrigger>False</SpawnOnTrigger>
    <SmartSpawning>False</SmartSpawning>
    <TickReset>False</TickReset>
    <Team>0</Team>
    <Amount>1</Amount>
    <IsGroup>False</IsGroup>
    <IsRunning>True</IsRunning>
    <IsHomeRangeRelative>True</IsHomeRangeRelative>
    <Objects2>AgentOfTheCrown:MX=1:SB=0:RT=0:TO=0:KL=0:RK=0:CA=1:DN=-1:DX=-1:SP=1:PR=-1</Objects2>
  </Points>
  <Points>
    <Name>AgentOfTheCrown</Name>
    <UniqueId>8b0a38c0-ad3a-4010-bd2c-90ab545558d6</UniqueId>
    <Map>Felucca</Map>
    <X>2512</X>
    <Y>554</Y>
    <Width>0</Width>
    <Height>0</Height>
    <CentreX>2512</CentreX>
    <CentreY>554</CentreY>
    <CentreZ>0</CentreZ>
    <Range>5</Range>
    <MaxCount>1</MaxCount>
    <MinDelay>5</MinDelay>
    <MaxDelay>10</MaxDelay>
    <DelayInSec>False</DelayInSec>
    <Duration>0</Duration>
    <DespawnTime>0</DespawnTime>
    <ProximityRange>-1</ProximityRange>
    <ProximityTriggerSound>500</ProximityTriggerSound>
    <TriggerProbability>1</TriggerProbability>
    <InContainer>False</InContainer>
    <MinRefractory>0</MinRefractory>
    <MaxRefractory>0</MaxRefractory>
    <TODStart>0</TODStart>
    <TODEnd>0</TODEnd>
    <TODMode>0</TODMode>
    <KillReset>1</KillReset>
    <ExternalTriggering>False</ExternalTriggering>
    <SequentialSpawning>-1</SequentialSpawning>
    <AllowGhostTriggering>False</AllowGhostTriggering>
    <AllowNPCTriggering>False</AllowNPCTriggering>
    <SpawnOnTrigger>False</SpawnOnTrigger>
    <SmartSpawning>False</SmartSpawning>
    <TickReset>False</TickReset>
    <Team>0</Team>
    <Amount>1</Amount>
    <IsGroup>False</IsGroup>
    <IsRunning>True</IsRunning>
    <IsHomeRangeRelative>True</IsHomeRangeRelative>
    <Objects2>AgentOfTheCrown:MX=1:SB=0:RT=0:TO=0:KL=0:RK=0:CA=1:DN=-1:DX=-1:SP=1:PR=-1</Objects2>
  </Points>
  <Points>
    <Name>AgentOfTheCrown</Name>
    <UniqueId>9321d1a4-dae3-4e87-9f9d-600dd0a7abc5</UniqueId>
    <Map>Felucca</Map>
    <X>4476</X>
    <Y>1172</Y>
    <Width>0</Width>
    <Height>0</Height>
    <CentreX>4476</CentreX>
    <CentreY>1172</CentreY>
    <CentreZ>0</CentreZ>
    <Range>5</Range>
    <MaxCount>1</MaxCount>
    <MinDelay>5</MinDelay>
    <MaxDelay>10</MaxDelay>
    <DelayInSec>False</DelayInSec>
    <Duration>0</Duration>
    <DespawnTime>0</DespawnTime>
    <ProximityRange>-1</ProximityRange>
    <ProximityTriggerSound>500</ProximityTriggerSound>
    <TriggerProbability>1</TriggerProbability>
    <InContainer>False</InContainer>
    <MinRefractory>0</MinRefractory>
    <MaxRefractory>0</MaxRefractory>
    <TODStart>0</TODStart>
    <TODEnd>0</TODEnd>
    <TODMode>0</TODMode>
    <KillReset>1</KillReset>
    <ExternalTriggering>False</ExternalTriggering>
    <SequentialSpawning>-1</SequentialSpawning>
    <AllowGhostTriggering>False</AllowGhostTriggering>
    <AllowNPCTriggering>False</AllowNPCTriggering>
    <SpawnOnTrigger>False</SpawnOnTrigger>
    <SmartSpawning>False</SmartSpawning>
    <TickReset>False</TickReset>
    <Team>0</Team>
    <Amount>1</Amount>
    <IsGroup>False</IsGroup>
    <IsRunning>True</IsRunning>
    <IsHomeRangeRelative>True</IsHomeRangeRelative>
    <Objects2>AgentOfTheCrown:MX=1:SB=0:RT=0:TO=0:KL=0:RK=0:CA=1:DN=-1:DX=-1:SP=1:PR=-1</Objects2>
  </Points>
  <Points>
    <Name>AgentOfTheCrown</Name>
    <UniqueId>b0b475c5-1bfe-4684-9817-3a1958e8536f</UniqueId>
    <Map>Felucca</Map>
    <X>2892</X>
    <Y>680</Y>
    <Width>0</Width>
    <Height>0</Height>
    <CentreX>2892</CentreX>
    <CentreY>680</CentreY>
    <CentreZ>0</CentreZ>
    <Range>5</Range>
    <MaxCount>1</MaxCount>
    <MinDelay>5</MinDelay>
    <MaxDelay>10</MaxDelay>
    <DelayInSec>False</DelayInSec>
    <Duration>0</Duration>
    <DespawnTime>0</DespawnTime>
    <ProximityRange>-1</ProximityRange>
    <ProximityTriggerSound>500</ProximityTriggerSound>
    <TriggerProbability>1</TriggerProbability>
    <InContainer>False</InContainer>
    <MinRefractory>0</MinRefractory>
    <MaxRefractory>0</MaxRefractory>
    <TODStart>0</TODStart>
    <TODEnd>0</TODEnd>
    <TODMode>0</TODMode>
    <KillReset>1</KillReset>
    <ExternalTriggering>False</ExternalTriggering>
    <SequentialSpawning>-1</SequentialSpawning>
    <AllowGhostTriggering>False</AllowGhostTriggering>
    <AllowNPCTriggering>False</AllowNPCTriggering>
    <SpawnOnTrigger>False</SpawnOnTrigger>
    <SmartSpawning>False</SmartSpawning>
    <TickReset>False</TickReset>
    <Team>0</Team>
    <Amount>1</Amount>
    <IsGroup>False</IsGroup>
    <IsRunning>True</IsRunning>
    <IsHomeRangeRelative>True</IsHomeRangeRelative>
    <Objects2>AgentOfTheCrown:MX=1:SB=0:RT=0:TO=0:KL=0:RK=0:CA=1:DN=-1:DX=-1:SP=1:PR=-1</Objects2>
  </Points>
  <Points>
    <Name>AgentOfTheCrown</Name>
    <UniqueId>b5e6b938-6b09-4984-b102-1b8b239b7cee</UniqueId>
    <Map>Felucca</Map>
    <X>632</X>
    <Y>856</Y>
    <Width>0</Width>
    <Height>0</Height>
    <CentreX>632</CentreX>
    <CentreY>856</CentreY>
    <CentreZ>0</CentreZ>
    <Range>5</Range>
    <MaxCount>1</MaxCount>
    <MinDelay>5</MinDelay>
    <MaxDelay>10</MaxDelay>
    <DelayInSec>False</DelayInSec>
    <Duration>0</Duration>
    <DespawnTime>0</DespawnTime>
    <ProximityRange>-1</ProximityRange>
    <ProximityTriggerSound>500</ProximityTriggerSound>
    <TriggerProbability>1</TriggerProbability>
    <InContainer>False</InContainer>
    <MinRefractory>0</MinRefractory>
    <MaxRefractory>0</MaxRefractory>
    <TODStart>0</TODStart>
    <TODEnd>0</TODEnd>
    <TODMode>0</TODMode>
    <KillReset>1</KillReset>
    <ExternalTriggering>False</ExternalTriggering>
    <SequentialSpawning>-1</SequentialSpawning>
    <AllowGhostTriggering>False</AllowGhostTriggering>
    <AllowNPCTriggering>False</AllowNPCTriggering>
    <SpawnOnTrigger>False</SpawnOnTrigger>
    <SmartSpawning>False</SmartSpawning>
    <TickReset>False</TickReset>
    <Team>0</Team>
    <Amount>1</Amount>
    <IsGroup>False</IsGroup>
    <IsRunning>True</IsRunning>
    <IsHomeRangeRelative>True</IsHomeRangeRelative>
    <Objects2>AgentOfTheCrown:MX=1:SB=0:RT=0:TO=0:KL=0:RK=0:CA=1:DN=-1:DX=-1:SP=1:PR=-1</Objects2>
  </Points>
  <Points>
    <Name>AgentOfTheCrown</Name>
    <UniqueId>feb9862a-9311-40e9-9a93-1793fb02f111</UniqueId>
    <Map>Felucca</Map>
    <X>1336</X>
    <Y>3768</Y>
    <Width>0</Width>
    <Height>0</Height>
    <CentreX>1336</CentreX>
    <CentreY>3768</CentreY>
    <CentreZ>0</CentreZ>
    <Range>5</Range>
    <MaxCount>1</MaxCount>
    <MinDelay>5</MinDelay>
    <MaxDelay>10</MaxDelay>
    <DelayInSec>False</DelayInSec>
    <Duration>0</Duration>
    <DespawnTime>0</DespawnTime>
    <ProximityRange>-1</ProximityRange>
    <ProximityTriggerSound>500</ProximityTriggerSound>
    <TriggerProbability>1</TriggerProbability>
    <InContainer>False</InContainer>
    <MinRefractory>0</MinRefractory>
    <MaxRefractory>0</MaxRefractory>
    <TODStart>0</TODStart>
    <TODEnd>0</TODEnd>
    <TODMode>0</TODMode>
    <KillReset>1</KillReset>
    <ExternalTriggering>False</ExternalTriggering>
    <SequentialSpawning>-1</SequentialSpawning>
    <AllowGhostTriggering>False</AllowGhostTriggering>
    <AllowNPCTriggering>False</AllowNPCTriggering>
    <SpawnOnTrigger>False</SpawnOnTrigger>
    <SmartSpawning>False</SmartSpawning>
    <TickReset>False</TickReset>
    <Team>0</Team>
    <Amount>1</Amount>
    <IsGroup>False</IsGroup>
    <IsRunning>True</IsRunning>
    <IsHomeRangeRelative>True</IsHomeRangeRelative>
    <Objects2>AgentOfTheCrown:MX=1:SB=0:RT=0:TO=0:KL=0:RK=0:CA=1:DN=-1:DX=-1:SP=1:PR=-1</Objects2>
  </Points>
  <Points>
    <Name>AgentOfTheCrown</Name>
    <UniqueId>75b78dc9-73a6-4135-bfa3-acb302f45545</UniqueId>
    <Map>Trammel</Map>
    <X>1488</X>
    <Y>1473</Y>
    <Width>0</Width>
    <Height>0</Height>
    <CentreX>1488</CentreX>
    <CentreY>1473</CentreY>
    <CentreZ>1</CentreZ>
    <Range>5</Range>
    <MaxCount>1</MaxCount>
    <MinDelay>5</MinDelay>
    <MaxDelay>10</MaxDelay>
    <DelayInSec>False</DelayInSec>
    <Duration>0</Duration>
    <DespawnTime>0</DespawnTime>
    <ProximityRange>-1</ProximityRange>
    <ProximityTriggerSound>500</ProximityTriggerSound>
    <TriggerProbability>1</TriggerProbability>
    <InContainer>False</InContainer>
    <MinRefractory>0</MinRefractory>
    <MaxRefractory>0</MaxRefractory>
    <TODStart>0</TODStart>
    <TODEnd>0</TODEnd>
    <TODMode>0</TODMode>
    <KillReset>1</KillReset>
    <ExternalTriggering>False</ExternalTriggering>
    <SequentialSpawning>-1</SequentialSpawning>
    <AllowGhostTriggering>False</AllowGhostTriggering>
    <AllowNPCTriggering>False</AllowNPCTriggering>
    <SpawnOnTrigger>False</SpawnOnTrigger>
    <SmartSpawning>False</SmartSpawning>
    <TickReset>False</TickReset>
    <Team>0</Team>
    <Amount>1</Amount>
    <IsGroup>False</IsGroup>
    <IsRunning>True</IsRunning>
    <IsHomeRangeRelative>True</IsHomeRangeRelative>
    <Objects2>AgentOfTheCrown:MX=1:SB=0:RT=0:TO=0:KL=0:RK=0:CA=1:DN=-1:DX=-1:SP=1:PR=-1</Objects2>
  </Points>
</Spawns>
