<Spawns>
  <Points>
    <Name>DespiseRevamped #4</Name>
    <UniqueId>0683c7f0-13bd-41c0-9754-a5fbf6c4681f</UniqueId>
    <Map>Trammel</Map>
    <X>5384</X>
    <Y>521</Y>
    <Width>54</Width>
    <Height>35</Height>
    <CentreX>5421</CentreX>
    <CentreY>546</CentreY>
    <CentreZ>60</CentreZ>
    <Range>5</Range>
    <MaxCount>9</MaxCount>
    <MinDelay>2</MinDelay>
    <MaxDelay>3</MaxDelay>
    <DelayInSec>False</DelayInSec>
    <Duration>0</Duration>
    <DespawnTime>0</DespawnTime>
    <ProximityRange>-1</ProximityRange>
    <ProximityTriggerSound>500</ProximityTriggerSound>
    <TriggerProbability>1</TriggerProbability>
    <InContainer>False</InContainer>
    <MinRefractory>0</MinRefractory>
    <MaxRefractory>0</MaxRefractory>
    <TODStart>0</TODStart>
    <TODEnd>0</TODEnd>
    <TODMode>0</TODMode>
    <KillReset>1</KillReset>
    <ExternalTriggering>False</ExternalTriggering>
    <SequentialSpawning>-1</SequentialSpawning>
    <AllowGhostTriggering>False</AllowGhostTriggering>
    <AllowNPCTriggering>False</AllowNPCTriggering>
    <SpawnOnTrigger>False</SpawnOnTrigger>
    <SmartSpawning>True</SmartSpawning>
    <TickReset>False</TickReset>
    <Team>0</Team>
    <Amount>1</Amount>
    <IsGroup>False</IsGroup>
    <IsRunning>True</IsRunning>
    <IsHomeRangeRelative>True</IsHomeRangeRelative>
    <Objects2>Silenii,{RND,1,5}:MX=2:SB=0:RT=0:TO=0:KL=0:RK=0:CA=1:DN=-1:DX=-1:SP=1:PR=-1:OBJ=ForestNymph,{RND,1,5}:MX=2:SB=0:RT=0:TO=0:KL=0:RK=0:CA=1:DN=-1:DX=-1:SP=1:PR=-1:OBJ=DespiseUnicorn,{RND,1,5}:MX=2:SB=0:RT=0:TO=0:KL=0:RK=0:CA=1:DN=-1:DX=-1:SP=1:PR=-1:OBJ=Sagittarri,{RND,1,5}:MX=2:SB=0:RT=0:TO=0:KL=0:RK=0:CA=1:DN=-1:DX=-1:SP=1:PR=-1:OBJ=Ursadane,{RND,1,5}:MX=2:SB=0:RT=0:TO=0:KL=0:RK=0:CA=1:DN=-1:DX=-1:SP=1:PR=-1:OBJ=DivineGuardian,{RND,1,5}:MX=2:SB=0:RT=0:TO=0:KL=0:RK=0:CA=1:DN=-1:DX=-1:SP=1:PR=-1:OBJ=Dendrite,{RND,1,5}:MX=2:SB=0:RT=0:TO=0:KL=0:RK=0:CA=1:DN=-1:DX=-1:SP=1:PR=-1:OBJ=Fairy,{RND,1,5}:MX=2:SB=0:RT=0:TO=0:KL=0:RK=0:CA=1:DN=-1:DX=-1:SP=1:PR=-1</Objects2>
  </Points>
  <Points>
    <Name>DespiseRevamped #11</Name>
    <UniqueId>10adfc60-7e1d-4768-9ba6-16303c3bdf65</UniqueId>
    <Map>Trammel</Map>
    <X>5382</X>
    <Y>656</Y>
    <Width>38</Width>
    <Height>49</Height>
    <CentreX>5405</CentreX>
    <CentreY>691</CentreY>
    <CentreZ>20</CentreZ>
    <Range>5</Range>
    <MaxCount>7</MaxCount>
    <MinDelay>2</MinDelay>
    <MaxDelay>3</MaxDelay>
    <DelayInSec>False</DelayInSec>
    <Duration>0</Duration>
    <DespawnTime>0</DespawnTime>
    <ProximityRange>-1</ProximityRange>
    <ProximityTriggerSound>500</ProximityTriggerSound>
    <TriggerProbability>1</TriggerProbability>
    <InContainer>False</InContainer>
    <MinRefractory>0</MinRefractory>
    <MaxRefractory>0</MaxRefractory>
    <TODStart>0</TODStart>
    <TODEnd>0</TODEnd>
    <TODMode>0</TODMode>
    <KillReset>1</KillReset>
    <ExternalTriggering>False</ExternalTriggering>
    <SequentialSpawning>-1</SequentialSpawning>
    <AllowGhostTriggering>False</AllowGhostTriggering>
    <AllowNPCTriggering>False</AllowNPCTriggering>
    <SpawnOnTrigger>False</SpawnOnTrigger>
    <SmartSpawning>True</SmartSpawning>
    <TickReset>False</TickReset>
    <Team>0</Team>
    <Amount>1</Amount>
    <IsGroup>False</IsGroup>
    <IsRunning>True</IsRunning>
    <IsHomeRangeRelative>True</IsHomeRangeRelative>
    <Objects2>Phantom,{RND,1,5}:MX=1:SB=0:RT=0:TO=0:KL=0:RK=0:CA=1:DN=-1:DX=-1:SP=1:PR=-1:OBJ=Naba,{RND,1,5}:MX=1:SB=0:RT=0:TO=0:KL=0:RK=0:CA=1:DN=-1:DX=-1:SP=1:PR=-1:OBJ=Darkmane,{RND,1,5}:MX=1:SB=0:RT=0:TO=0:KL=0:RK=0:CA=1:DN=-1:DX=-1:SP=1:PR=-1:OBJ=Skeletrex,{RND,1,5}:MX=1:SB=0:RT=0:TO=0:KL=0:RK=0:CA=1:DN=-1:DX=-1:SP=1:PR=-1:OBJ=Hellion,{RND,1,5}:MX=1:SB=0:RT=0:TO=0:KL=0:RK=0:CA=1:DN=-1:DX=-1:SP=1:PR=-1:OBJ=Echidnite,{RND,1,5}:MX=1:SB=0:RT=0:TO=0:KL=0:RK=0:CA=1:DN=-1:DX=-1:SP=1:PR=-1:OBJ=BirlingBlades,{RND,1,5}:MX=1:SB=0:RT=0:TO=0:KL=0:RK=0:CA=1:DN=-1:DX=-1:SP=1:PR=-1:OBJ=Prometheoid,{RND,1,5}:MX=1:SB=0:RT=0:TO=0:KL=0:RK=0:CA=1:DN=-1:DX=-1:SP=1:PR=-1</Objects2>
  </Points>
  <Points>
    <Name>DespiseRevamped #8</Name>
    <UniqueId>12e2074b-1eeb-4be5-bf49-e2f4448ff389</UniqueId>
    <Map>Trammel</Map>
    <X>5475</X>
    <Y>594</Y>
    <Width>30</Width>
    <Height>30</Height>
    <CentreX>5490</CentreX>
    <CentreY>609</CentreY>
    <CentreZ>45</CentreZ>
    <Range>5</Range>
    <MaxCount>3</MaxCount>
    <MinDelay>2</MinDelay>
    <MaxDelay>3</MaxDelay>
    <DelayInSec>False</DelayInSec>
    <Duration>0</Duration>
    <DespawnTime>0</DespawnTime>
    <ProximityRange>-1</ProximityRange>
    <ProximityTriggerSound>500</ProximityTriggerSound>
    <TriggerProbability>1</TriggerProbability>
    <InContainer>False</InContainer>
    <MinRefractory>0</MinRefractory>
    <MaxRefractory>0</MaxRefractory>
    <TODStart>0</TODStart>
    <TODEnd>0</TODEnd>
    <TODMode>0</TODMode>
    <KillReset>1</KillReset>
    <ExternalTriggering>False</ExternalTriggering>
    <SequentialSpawning>-1</SequentialSpawning>
    <AllowGhostTriggering>False</AllowGhostTriggering>
    <AllowNPCTriggering>False</AllowNPCTriggering>
    <SpawnOnTrigger>False</SpawnOnTrigger>
    <SmartSpawning>True</SmartSpawning>
    <TickReset>False</TickReset>
    <Team>0</Team>
    <Amount>1</Amount>
    <IsGroup>False</IsGroup>
    <IsRunning>True</IsRunning>
    <IsHomeRangeRelative>True</IsHomeRangeRelative>
    <Objects2>Silenii,{RND,1,5}:MX=1:SB=0:RT=0:TO=0:KL=0:RK=0:CA=1:DN=-1:DX=-1:SP=1:PR=-1:OBJ=ForestNymph,{RND,1,5}:MX=1:SB=0:RT=0:TO=0:KL=0:RK=0:CA=1:DN=-1:DX=-1:SP=1:PR=-1:OBJ=DespiseUnicorn,{RND,1,5}:MX=1:SB=0:RT=0:TO=0:KL=0:RK=0:CA=1:DN=-1:DX=-1:SP=1:PR=-1:OBJ=Sagittarri,{RND,1,5}:MX=1:SB=0:RT=0:TO=0:KL=0:RK=0:CA=1:DN=-1:DX=-1:SP=1:PR=-1:OBJ=Ursadane,{RND,1,5}:MX=1:SB=0:RT=0:TO=0:KL=0:RK=0:CA=1:DN=-1:DX=-1:SP=1:PR=-1:OBJ=DivineGuardian,{RND,1,5}:MX=1:SB=0:RT=0:TO=0:KL=0:RK=0:CA=1:DN=-1:DX=-1:SP=1:PR=-1:OBJ=Dendrite,{RND,1,5}:MX=1:SB=0:RT=0:TO=0:KL=0:RK=0:CA=1:DN=-1:DX=-1:SP=1:PR=-1:OBJ=Fairy,{RND,1,5}:MX=1:SB=0:RT=0:TO=0:KL=0:RK=0:CA=1:DN=-1:DX=-1:SP=1:PR=-1</Objects2>
  </Points>
  <Points>
    <Name>DespiseRevamped Evil #2</Name>
    <UniqueId>147dca5c-62bd-4e99-9d74-62b3f43f9034</UniqueId>
    <Map>Trammel</Map>
    <X>5450</X>
    <Y>782</Y>
    <Width>30</Width>
    <Height>30</Height>
    <CentreX>5455</CentreX>
    <CentreY>787</CentreY>
    <CentreZ>61</CentreZ>
    <Range>5</Range>
    <MaxCount>5</MaxCount>
    <MinDelay>5</MinDelay>
    <MaxDelay>10</MaxDelay>
    <DelayInSec>False</DelayInSec>
    <Duration>0</Duration>
    <DespawnTime>0</DespawnTime>
    <ProximityRange>-1</ProximityRange>
    <ProximityTriggerSound>500</ProximityTriggerSound>
    <TriggerProbability>1</TriggerProbability>
    <InContainer>False</InContainer>
    <MinRefractory>0</MinRefractory>
    <MaxRefractory>0</MaxRefractory>
    <TODStart>0</TODStart>
    <TODEnd>0</TODEnd>
    <TODMode>0</TODMode>
    <KillReset>1</KillReset>
    <ExternalTriggering>False</ExternalTriggering>
    <SequentialSpawning>-1</SequentialSpawning>
    <AllowGhostTriggering>False</AllowGhostTriggering>
    <AllowNPCTriggering>False</AllowNPCTriggering>
    <SpawnOnTrigger>False</SpawnOnTrigger>
    <SmartSpawning>False</SmartSpawning>
    <TickReset>False</TickReset>
    <Team>0</Team>
    <Amount>1</Amount>
    <IsGroup>False</IsGroup>
    <IsRunning>True</IsRunning>
    <IsHomeRangeRelative>True</IsHomeRangeRelative>
    <Objects2>Phantom,{RND,4,8},{RND,1,5}:MX=1:SB=0:RT=0:TO=0:KL=0:RK=0:CA=1:DN=-1:DX=-1:SP=1:PR=-1:OBJ=Naba,{RND,4,8},{RND,1,5}:MX=1:SB=0:RT=0:TO=0:KL=0:RK=0:CA=1:DN=-1:DX=-1:SP=1:PR=-1:OBJ=Darkmane,{RND,4,8},{RND,1,5}:MX=1:SB=0:RT=0:TO=0:KL=0:RK=0:CA=1:DN=-1:DX=-1:SP=1:PR=-1:OBJ=Skeletrex,{RND,4,8},{RND,1,5}:MX=1:SB=0:RT=0:TO=0:KL=0:RK=0:CA=1:DN=-1:DX=-1:SP=1:PR=-1:OBJ=Hellion,{RND,4,8},{RND,1,5}:MX=1:SB=0:RT=0:TO=0:KL=0:RK=0:CA=1:DN=-1:DX=-1:SP=1:PR=-1:OBJ=Echidnite,{RND,4,8},{RND,1,5}:MX=1:SB=0:RT=0:TO=0:KL=0:RK=0:CA=1:DN=-1:DX=-1:SP=1:PR=-1:OBJ=BirlingBlades,{RND,4,8},{RND,1,5}:MX=1:SB=0:RT=0:TO=0:KL=0:RK=0:CA=1:DN=-1:DX=-1:SP=1:PR=-1:OBJ=Prometheoid,{RND,4,8},{RND,1,5}:MX=1:SB=0:RT=0:TO=0:KL=0:RK=0:CA=1:DN=-1:DX=-1:SP=1:PR=-1</Objects2>
  </Points>
  <Points>
    <Name>DespiseRevamped #13</Name>
    <UniqueId>19843edd-d0b5-474f-905c-79127af81ece</UniqueId>
    <Map>Trammel</Map>
    <X>5488</X>
    <Y>704</Y>
    <Width>25</Width>
    <Height>55</Height>
    <CentreX>5495</CentreX>
    <CentreY>748</CentreY>
    <CentreZ>5</CentreZ>
    <Range>5</Range>
    <MaxCount>9</MaxCount>
    <MinDelay>2</MinDelay>
    <MaxDelay>3</MaxDelay>
    <DelayInSec>False</DelayInSec>
    <Duration>0</Duration>
    <DespawnTime>0</DespawnTime>
    <ProximityRange>-1</ProximityRange>
    <ProximityTriggerSound>500</ProximityTriggerSound>
    <TriggerProbability>1</TriggerProbability>
    <InContainer>False</InContainer>
    <MinRefractory>0</MinRefractory>
    <MaxRefractory>0</MaxRefractory>
    <TODStart>0</TODStart>
    <TODEnd>0</TODEnd>
    <TODMode>0</TODMode>
    <KillReset>1</KillReset>
    <ExternalTriggering>False</ExternalTriggering>
    <SequentialSpawning>-1</SequentialSpawning>
    <AllowGhostTriggering>False</AllowGhostTriggering>
    <AllowNPCTriggering>False</AllowNPCTriggering>
    <SpawnOnTrigger>False</SpawnOnTrigger>
    <SmartSpawning>True</SmartSpawning>
    <TickReset>False</TickReset>
    <Team>0</Team>
    <Amount>1</Amount>
    <IsGroup>False</IsGroup>
    <IsRunning>True</IsRunning>
    <IsHomeRangeRelative>True</IsHomeRangeRelative>
    <Objects2>Phantom,{RND,1,5}:MX=1:SB=0:RT=0:TO=0:KL=0:RK=0:CA=1:DN=-1:DX=-1:SP=1:PR=-1:OBJ=Naba,{RND,1,5}:MX=1:SB=0:RT=0:TO=0:KL=0:RK=0:CA=1:DN=-1:DX=-1:SP=1:PR=-1:OBJ=Darkmane,{RND,1,5}:MX=1:SB=0:RT=0:TO=0:KL=0:RK=0:CA=1:DN=-1:DX=-1:SP=1:PR=-1:OBJ=Skeletrex,{RND,1,5}:MX=1:SB=0:RT=0:TO=0:KL=0:RK=0:CA=1:DN=-1:DX=-1:SP=1:PR=-1:OBJ=Hellion,{RND,1,5}:MX=1:SB=0:RT=0:TO=0:KL=0:RK=0:CA=1:DN=-1:DX=-1:SP=1:PR=-1:OBJ=Echidnite,{RND,1,5}:MX=1:SB=0:RT=0:TO=0:KL=0:RK=0:CA=1:DN=-1:DX=-1:SP=1:PR=-1:OBJ=BirlingBlades,{RND,1,5}:MX=1:SB=0:RT=0:TO=0:KL=0:RK=0:CA=1:DN=-1:DX=-1:SP=1:PR=-1:OBJ=Prometheoid,{RND,1,5}:MX=1:SB=0:RT=0:TO=0:KL=0:RK=0:CA=1:DN=-1:DX=-1:SP=1:PR=-1</Objects2>
  </Points>
  <Points>
    <Name>DespiseRevamped Good #8</Name>
    <UniqueId>1da49eba-bae8-4a8b-814d-4bfa9fc6837b</UniqueId>
    <Map>Trammel</Map>
    <X>5466</X>
    <Y>967</Y>
    <Width>30</Width>
    <Height>30</Height>
    <CentreX>5471</CentreX>
    <CentreY>972</CentreY>
    <CentreZ>15</CentreZ>
    <Range>5</Range>
    <MaxCount>5</MaxCount>
    <MinDelay>5</MinDelay>
    <MaxDelay>10</MaxDelay>
    <DelayInSec>False</DelayInSec>
    <Duration>0</Duration>
    <DespawnTime>0</DespawnTime>
    <ProximityRange>-1</ProximityRange>
    <ProximityTriggerSound>500</ProximityTriggerSound>
    <TriggerProbability>1</TriggerProbability>
    <InContainer>False</InContainer>
    <MinRefractory>0</MinRefractory>
    <MaxRefractory>0</MaxRefractory>
    <TODStart>0</TODStart>
    <TODEnd>0</TODEnd>
    <TODMode>0</TODMode>
    <KillReset>1</KillReset>
    <ExternalTriggering>False</ExternalTriggering>
    <SequentialSpawning>-1</SequentialSpawning>
    <AllowGhostTriggering>False</AllowGhostTriggering>
    <AllowNPCTriggering>False</AllowNPCTriggering>
    <SpawnOnTrigger>False</SpawnOnTrigger>
    <SmartSpawning>False</SmartSpawning>
    <TickReset>False</TickReset>
    <Team>0</Team>
    <Amount>1</Amount>
    <IsGroup>False</IsGroup>
    <IsRunning>True</IsRunning>
    <IsHomeRangeRelative>True</IsHomeRangeRelative>
    <Objects2>Silenii,{RND,4,8},{RND,1,5}:MX=1:SB=0:RT=0:TO=0:KL=0:RK=0:CA=1:DN=-1:DX=-1:SP=1:PR=-1:OBJ=ForestNymph,{RND,4,8},{RND,1,5}:MX=1:SB=0:RT=0:TO=0:KL=0:RK=0:CA=1:DN=-1:DX=-1:SP=1:PR=-1:OBJ=DespiseUnicorn,{RND,4,8},{RND,1,5}:MX=1:SB=0:RT=0:TO=0:KL=0:RK=0:CA=1:DN=-1:DX=-1:SP=1:PR=-1:OBJ=Sagittarri,{RND,4,8},{RND,1,5}:MX=1:SB=0:RT=0:TO=0:KL=0:RK=0:CA=1:DN=-1:DX=-1:SP=1:PR=-1:OBJ=Ursadane,{RND,4,8},{RND,1,5}:MX=1:SB=0:RT=0:TO=0:KL=0:RK=0:CA=1:DN=-1:DX=-1:SP=1:PR=-1:OBJ=DivineGuardian,{RND,4,8},{RND,1,5}:MX=1:SB=0:RT=0:TO=0:KL=0:RK=0:CA=1:DN=-1:DX=-1:SP=1:PR=-1:OBJ=Dendrite,{RND,4,8},{RND,1,5}:MX=1:SB=0:RT=0:TO=0:KL=0:RK=0:CA=1:DN=-1:DX=-1:SP=1:PR=-1:OBJ=Fairy,{RND,4,8},{RND,1,5}:MX=1:SB=0:RT=0:TO=0:KL=0:RK=0:CA=1:DN=-1:DX=-1:SP=1:PR=-1</Objects2>
  </Points>
  <Points>
    <Name>DespiseRevamped Good #15</Name>
    <UniqueId>2aacaff4-a212-4ede-bd82-c988c31a1a7d</UniqueId>
    <Map>Trammel</Map>
    <X>5515</X>
    <Y>812</Y>
    <Width>30</Width>
    <Height>30</Height>
    <CentreX>5520</CentreX>
    <CentreY>817</CentreY>
    <CentreZ>60</CentreZ>
    <Range>5</Range>
    <MaxCount>5</MaxCount>
    <MinDelay>5</MinDelay>
    <MaxDelay>10</MaxDelay>
    <DelayInSec>False</DelayInSec>
    <Duration>0</Duration>
    <DespawnTime>0</DespawnTime>
    <ProximityRange>-1</ProximityRange>
    <ProximityTriggerSound>500</ProximityTriggerSound>
    <TriggerProbability>1</TriggerProbability>
    <InContainer>False</InContainer>
    <MinRefractory>0</MinRefractory>
    <MaxRefractory>0</MaxRefractory>
    <TODStart>0</TODStart>
    <TODEnd>0</TODEnd>
    <TODMode>0</TODMode>
    <KillReset>1</KillReset>
    <ExternalTriggering>False</ExternalTriggering>
    <SequentialSpawning>-1</SequentialSpawning>
    <AllowGhostTriggering>False</AllowGhostTriggering>
    <AllowNPCTriggering>False</AllowNPCTriggering>
    <SpawnOnTrigger>False</SpawnOnTrigger>
    <SmartSpawning>False</SmartSpawning>
    <TickReset>False</TickReset>
    <Team>0</Team>
    <Amount>1</Amount>
    <IsGroup>False</IsGroup>
    <IsRunning>True</IsRunning>
    <IsHomeRangeRelative>True</IsHomeRangeRelative>
    <Objects2>Silenii,{RND,4,8},{RND,1,5}:MX=1:SB=0:RT=0:TO=0:KL=0:RK=0:CA=1:DN=-1:DX=-1:SP=1:PR=-1:OBJ=ForestNymph,{RND,4,8},{RND,1,5}:MX=1:SB=0:RT=0:TO=0:KL=0:RK=0:CA=1:DN=-1:DX=-1:SP=1:PR=-1:OBJ=DespiseUnicorn,{RND,4,8},{RND,1,5}:MX=1:SB=0:RT=0:TO=0:KL=0:RK=0:CA=1:DN=-1:DX=-1:SP=1:PR=-1:OBJ=Sagittarri,{RND,4,8},{RND,1,5}:MX=1:SB=0:RT=0:TO=0:KL=0:RK=0:CA=1:DN=-1:DX=-1:SP=1:PR=-1:OBJ=Ursadane,{RND,4,8},{RND,1,5}:MX=1:SB=0:RT=0:TO=0:KL=0:RK=0:CA=1:DN=-1:DX=-1:SP=1:PR=-1:OBJ=DivineGuardian,{RND,4,8},{RND,1,5}:MX=1:SB=0:RT=0:TO=0:KL=0:RK=0:CA=1:DN=-1:DX=-1:SP=1:PR=-1:OBJ=Dendrite,{RND,4,8},{RND,1,5}:MX=1:SB=0:RT=0:TO=0:KL=0:RK=0:CA=1:DN=-1:DX=-1:SP=1:PR=-1:OBJ=Fairy,{RND,4,8},{RND,1,5}:MX=1:SB=0:RT=0:TO=0:KL=0:RK=0:CA=1:DN=-1:DX=-1:SP=1:PR=-1</Objects2>
  </Points>
  <Points>
    <Name>DespiseRevamped Evil #9</Name>
    <UniqueId>2b2d4296-07a4-4a1c-9689-e49bb64158a5</UniqueId>
    <Map>Trammel</Map>
    <X>5488</X>
    <Y>918</Y>
    <Width>30</Width>
    <Height>30</Height>
    <CentreX>5493</CentreX>
    <CentreY>923</CentreY>
    <CentreZ>21</CentreZ>
    <Range>5</Range>
    <MaxCount>5</MaxCount>
    <MinDelay>5</MinDelay>
    <MaxDelay>10</MaxDelay>
    <DelayInSec>False</DelayInSec>
    <Duration>0</Duration>
    <DespawnTime>0</DespawnTime>
    <ProximityRange>-1</ProximityRange>
    <ProximityTriggerSound>500</ProximityTriggerSound>
    <TriggerProbability>1</TriggerProbability>
    <InContainer>False</InContainer>
    <MinRefractory>0</MinRefractory>
    <MaxRefractory>0</MaxRefractory>
    <TODStart>0</TODStart>
    <TODEnd>0</TODEnd>
    <TODMode>0</TODMode>
    <KillReset>1</KillReset>
    <ExternalTriggering>False</ExternalTriggering>
    <SequentialSpawning>-1</SequentialSpawning>
    <AllowGhostTriggering>False</AllowGhostTriggering>
    <AllowNPCTriggering>False</AllowNPCTriggering>
    <SpawnOnTrigger>False</SpawnOnTrigger>
    <SmartSpawning>False</SmartSpawning>
    <TickReset>False</TickReset>
    <Team>0</Team>
    <Amount>1</Amount>
    <IsGroup>False</IsGroup>
    <IsRunning>True</IsRunning>
    <IsHomeRangeRelative>True</IsHomeRangeRelative>
    <Objects2>Phantom,{RND,4,8},{RND,1,5}:MX=1:SB=0:RT=0:TO=0:KL=0:RK=0:CA=1:DN=-1:DX=-1:SP=1:PR=-1:OBJ=Naba,{RND,4,8},{RND,1,5}:MX=1:SB=0:RT=0:TO=0:KL=0:RK=0:CA=1:DN=-1:DX=-1:SP=1:PR=-1:OBJ=Darkmane,{RND,4,8},{RND,1,5}:MX=1:SB=0:RT=0:TO=0:KL=0:RK=0:CA=1:DN=-1:DX=-1:SP=1:PR=-1:OBJ=Skeletrex,{RND,4,8},{RND,1,5}:MX=1:SB=0:RT=0:TO=0:KL=0:RK=0:CA=1:DN=-1:DX=-1:SP=1:PR=-1:OBJ=Hellion,{RND,4,8},{RND,1,5}:MX=1:SB=0:RT=0:TO=0:KL=0:RK=0:CA=1:DN=-1:DX=-1:SP=1:PR=-1:OBJ=Echidnite,{RND,4,8},{RND,1,5}:MX=1:SB=0:RT=0:TO=0:KL=0:RK=0:CA=1:DN=-1:DX=-1:SP=1:PR=-1:OBJ=BirlingBlades,{RND,4,8},{RND,1,5}:MX=1:SB=0:RT=0:TO=0:KL=0:RK=0:CA=1:DN=-1:DX=-1:SP=1:PR=-1:OBJ=Prometheoid,{RND,4,8},{RND,1,5}:MX=1:SB=0:RT=0:TO=0:KL=0:RK=0:CA=1:DN=-1:DX=-1:SP=1:PR=-1</Objects2>
  </Points>
  <Points>
    <Name>DespiseRevamped #5</Name>
    <UniqueId>2c5ba7ac-2788-4168-8c82-e3c8782b46eb</UniqueId>
    <Map>Trammel</Map>
    <X>5388</X>
    <Y>571</Y>
    <Width>30</Width>
    <Height>30</Height>
    <CentreX>5403</CentreX>
    <CentreY>586</CentreY>
    <CentreZ>45</CentreZ>
    <Range>5</Range>
    <MaxCount>3</MaxCount>
    <MinDelay>2</MinDelay>
    <MaxDelay>3</MaxDelay>
    <DelayInSec>False</DelayInSec>
    <Duration>0</Duration>
    <DespawnTime>0</DespawnTime>
    <ProximityRange>-1</ProximityRange>
    <ProximityTriggerSound>500</ProximityTriggerSound>
    <TriggerProbability>1</TriggerProbability>
    <InContainer>False</InContainer>
    <MinRefractory>0</MinRefractory>
    <MaxRefractory>0</MaxRefractory>
    <TODStart>0</TODStart>
    <TODEnd>0</TODEnd>
    <TODMode>0</TODMode>
    <KillReset>1</KillReset>
    <ExternalTriggering>False</ExternalTriggering>
    <SequentialSpawning>-1</SequentialSpawning>
    <AllowGhostTriggering>False</AllowGhostTriggering>
    <AllowNPCTriggering>False</AllowNPCTriggering>
    <SpawnOnTrigger>False</SpawnOnTrigger>
    <SmartSpawning>True</SmartSpawning>
    <TickReset>False</TickReset>
    <Team>0</Team>
    <Amount>1</Amount>
    <IsGroup>False</IsGroup>
    <IsRunning>True</IsRunning>
    <IsHomeRangeRelative>True</IsHomeRangeRelative>
    <Objects2>Silenii,{RND,1,5}:MX=1:SB=0:RT=0:TO=0:KL=0:RK=0:CA=1:DN=-1:DX=-1:SP=1:PR=-1:OBJ=ForestNymph,{RND,1,5}:MX=1:SB=0:RT=0:TO=0:KL=0:RK=0:CA=1:DN=-1:DX=-1:SP=1:PR=-1:OBJ=DespiseUnicorn,{RND,1,5}:MX=1:SB=0:RT=0:TO=0:KL=0:RK=0:CA=1:DN=-1:DX=-1:SP=1:PR=-1:OBJ=Sagittarri,{RND,1,5}:MX=1:SB=0:RT=0:TO=0:KL=0:RK=0:CA=1:DN=-1:DX=-1:SP=1:PR=-1:OBJ=Ursadane,{RND,1,5}:MX=1:SB=0:RT=0:TO=0:KL=0:RK=0:CA=1:DN=-1:DX=-1:SP=1:PR=-1:OBJ=DivineGuardian,{RND,1,5}:MX=1:SB=0:RT=0:TO=0:KL=0:RK=0:CA=1:DN=-1:DX=-1:SP=1:PR=-1:OBJ=Dendrite,{RND,1,5}:MX=1:SB=0:RT=0:TO=0:KL=0:RK=0:CA=1:DN=-1:DX=-1:SP=1:PR=-1:OBJ=Fairy,{RND,1,5}:MX=1:SB=0:RT=0:TO=0:KL=0:RK=0:CA=1:DN=-1:DX=-1:SP=1:PR=-1</Objects2>
  </Points>
  <Points>
    <Name>DespiseRevamped Evil #3</Name>
    <UniqueId>36b446c7-6e2e-4b4d-873b-c4f0939b0ac7</UniqueId>
    <Map>Trammel</Map>
    <X>5391</X>
    <Y>816</Y>
    <Width>30</Width>
    <Height>30</Height>
    <CentreX>5396</CentreX>
    <CentreY>821</CentreY>
    <CentreZ>61</CentreZ>
    <Range>5</Range>
    <MaxCount>5</MaxCount>
    <MinDelay>5</MinDelay>
    <MaxDelay>10</MaxDelay>
    <DelayInSec>False</DelayInSec>
    <Duration>0</Duration>
    <DespawnTime>0</DespawnTime>
    <ProximityRange>-1</ProximityRange>
    <ProximityTriggerSound>500</ProximityTriggerSound>
    <TriggerProbability>1</TriggerProbability>
    <InContainer>False</InContainer>
    <MinRefractory>0</MinRefractory>
    <MaxRefractory>0</MaxRefractory>
    <TODStart>0</TODStart>
    <TODEnd>0</TODEnd>
    <TODMode>0</TODMode>
    <KillReset>1</KillReset>
    <ExternalTriggering>False</ExternalTriggering>
    <SequentialSpawning>-1</SequentialSpawning>
    <AllowGhostTriggering>False</AllowGhostTriggering>
    <AllowNPCTriggering>False</AllowNPCTriggering>
    <SpawnOnTrigger>False</SpawnOnTrigger>
    <SmartSpawning>False</SmartSpawning>
    <TickReset>False</TickReset>
    <Team>0</Team>
    <Amount>1</Amount>
    <IsGroup>False</IsGroup>
    <IsRunning>True</IsRunning>
    <IsHomeRangeRelative>True</IsHomeRangeRelative>
    <Objects2>Phantom,{RND,4,8},{RND,1,5}:MX=1:SB=0:RT=0:TO=0:KL=0:RK=0:CA=1:DN=-1:DX=-1:SP=1:PR=-1:OBJ=Naba,{RND,4,8},{RND,1,5}:MX=1:SB=0:RT=0:TO=0:KL=0:RK=0:CA=1:DN=-1:DX=-1:SP=1:PR=-1:OBJ=Darkmane,{RND,4,8},{RND,1,5}:MX=1:SB=0:RT=0:TO=0:KL=0:RK=0:CA=1:DN=-1:DX=-1:SP=1:PR=-1:OBJ=Skeletrex,{RND,4,8},{RND,1,5}:MX=1:SB=0:RT=0:TO=0:KL=0:RK=0:CA=1:DN=-1:DX=-1:SP=1:PR=-1:OBJ=Hellion,{RND,4,8},{RND,1,5}:MX=1:SB=0:RT=0:TO=0:KL=0:RK=0:CA=1:DN=-1:DX=-1:SP=1:PR=-1:OBJ=Echidnite,{RND,4,8},{RND,1,5}:MX=1:SB=0:RT=0:TO=0:KL=0:RK=0:CA=1:DN=-1:DX=-1:SP=1:PR=-1:OBJ=BirlingBlades,{RND,4,8},{RND,1,5}:MX=1:SB=0:RT=0:TO=0:KL=0:RK=0:CA=1:DN=-1:DX=-1:SP=1:PR=-1:OBJ=Prometheoid,{RND,4,8},{RND,1,5}:MX=1:SB=0:RT=0:TO=0:KL=0:RK=0:CA=1:DN=-1:DX=-1:SP=1:PR=-1</Objects2>
  </Points>
  <Points>
    <Name>DespiseRevamped Evil #12</Name>
    <UniqueId>3d07bc11-9761-4b14-9b08-3cbd8d2c9215</UniqueId>
    <Map>Trammel</Map>
    <X>5600</X>
    <Y>819</Y>
    <Width>30</Width>
    <Height>30</Height>
    <CentreX>5605</CentreX>
    <CentreY>824</CentreY>
    <CentreZ>61</CentreZ>
    <Range>5</Range>
    <MaxCount>5</MaxCount>
    <MinDelay>5</MinDelay>
    <MaxDelay>10</MaxDelay>
    <DelayInSec>False</DelayInSec>
    <Duration>0</Duration>
    <DespawnTime>0</DespawnTime>
    <ProximityRange>-1</ProximityRange>
    <ProximityTriggerSound>500</ProximityTriggerSound>
    <TriggerProbability>1</TriggerProbability>
    <InContainer>False</InContainer>
    <MinRefractory>0</MinRefractory>
    <MaxRefractory>0</MaxRefractory>
    <TODStart>0</TODStart>
    <TODEnd>0</TODEnd>
    <TODMode>0</TODMode>
    <KillReset>1</KillReset>
    <ExternalTriggering>False</ExternalTriggering>
    <SequentialSpawning>-1</SequentialSpawning>
    <AllowGhostTriggering>False</AllowGhostTriggering>
    <AllowNPCTriggering>False</AllowNPCTriggering>
    <SpawnOnTrigger>False</SpawnOnTrigger>
    <SmartSpawning>False</SmartSpawning>
    <TickReset>False</TickReset>
    <Team>0</Team>
    <Amount>1</Amount>
    <IsGroup>False</IsGroup>
    <IsRunning>True</IsRunning>
    <IsHomeRangeRelative>True</IsHomeRangeRelative>
    <Objects2>Phantom,{RND,4,8},{RND,1,5}:MX=1:SB=0:RT=0:TO=0:KL=0:RK=0:CA=1:DN=-1:DX=-1:SP=1:PR=-1:OBJ=Naba,{RND,4,8},{RND,1,5}:MX=1:SB=0:RT=0:TO=0:KL=0:RK=0:CA=1:DN=-1:DX=-1:SP=1:PR=-1:OBJ=Darkmane,{RND,4,8},{RND,1,5}:MX=1:SB=0:RT=0:TO=0:KL=0:RK=0:CA=1:DN=-1:DX=-1:SP=1:PR=-1:OBJ=Skeletrex,{RND,4,8},{RND,1,5}:MX=1:SB=0:RT=0:TO=0:KL=0:RK=0:CA=1:DN=-1:DX=-1:SP=1:PR=-1:OBJ=Hellion,{RND,4,8},{RND,1,5}:MX=1:SB=0:RT=0:TO=0:KL=0:RK=0:CA=1:DN=-1:DX=-1:SP=1:PR=-1:OBJ=Echidnite,{RND,4,8},{RND,1,5}:MX=1:SB=0:RT=0:TO=0:KL=0:RK=0:CA=1:DN=-1:DX=-1:SP=1:PR=-1:OBJ=BirlingBlades,{RND,4,8},{RND,1,5}:MX=1:SB=0:RT=0:TO=0:KL=0:RK=0:CA=1:DN=-1:DX=-1:SP=1:PR=-1:OBJ=Prometheoid,{RND,4,8},{RND,1,5}:MX=1:SB=0:RT=0:TO=0:KL=0:RK=0:CA=1:DN=-1:DX=-1:SP=1:PR=-1</Objects2>
  </Points>
  <Points>
    <Name>DespiseRevamped Evil #1</Name>
    <UniqueId>3d6bdbeb-ce32-4135-b046-7a928dd61925</UniqueId>
    <Map>Trammel</Map>
    <X>5395</X>
    <Y>782</Y>
    <Width>30</Width>
    <Height>30</Height>
    <CentreX>5400</CentreX>
    <CentreY>787</CentreY>
    <CentreZ>66</CentreZ>
    <Range>5</Range>
    <MaxCount>5</MaxCount>
    <MinDelay>5</MinDelay>
    <MaxDelay>10</MaxDelay>
    <DelayInSec>False</DelayInSec>
    <Duration>0</Duration>
    <DespawnTime>0</DespawnTime>
    <ProximityRange>-1</ProximityRange>
    <ProximityTriggerSound>500</ProximityTriggerSound>
    <TriggerProbability>1</TriggerProbability>
    <InContainer>False</InContainer>
    <MinRefractory>0</MinRefractory>
    <MaxRefractory>0</MaxRefractory>
    <TODStart>0</TODStart>
    <TODEnd>0</TODEnd>
    <TODMode>0</TODMode>
    <KillReset>1</KillReset>
    <ExternalTriggering>False</ExternalTriggering>
    <SequentialSpawning>-1</SequentialSpawning>
    <AllowGhostTriggering>False</AllowGhostTriggering>
    <AllowNPCTriggering>False</AllowNPCTriggering>
    <SpawnOnTrigger>False</SpawnOnTrigger>
    <SmartSpawning>False</SmartSpawning>
    <TickReset>False</TickReset>
    <Team>0</Team>
    <Amount>1</Amount>
    <IsGroup>False</IsGroup>
    <IsRunning>True</IsRunning>
    <IsHomeRangeRelative>True</IsHomeRangeRelative>
    <Objects2>Phantom,{RND,4,8},{RND,1,5}:MX=1:SB=0:RT=0:TO=0:KL=0:RK=0:CA=1:DN=-1:DX=-1:SP=1:PR=-1:OBJ=Naba,{RND,4,8},{RND,1,5}:MX=1:SB=0:RT=0:TO=0:KL=0:RK=0:CA=1:DN=-1:DX=-1:SP=1:PR=-1:OBJ=Darkmane,{RND,4,8},{RND,1,5}:MX=1:SB=0:RT=0:TO=0:KL=0:RK=0:CA=1:DN=-1:DX=-1:SP=1:PR=-1:OBJ=Skeletrex,{RND,4,8},{RND,1,5}:MX=1:SB=0:RT=0:TO=0:KL=0:RK=0:CA=1:DN=-1:DX=-1:SP=1:PR=-1:OBJ=Hellion,{RND,4,8},{RND,1,5}:MX=1:SB=0:RT=0:TO=0:KL=0:RK=0:CA=1:DN=-1:DX=-1:SP=1:PR=-1:OBJ=Echidnite,{RND,4,8},{RND,1,5}:MX=1:SB=0:RT=0:TO=0:KL=0:RK=0:CA=1:DN=-1:DX=-1:SP=1:PR=-1:OBJ=BirlingBlades,{RND,4,8},{RND,1,5}:MX=1:SB=0:RT=0:TO=0:KL=0:RK=0:CA=1:DN=-1:DX=-1:SP=1:PR=-1:OBJ=Prometheoid,{RND,4,8},{RND,1,5}:MX=1:SB=0:RT=0:TO=0:KL=0:RK=0:CA=1:DN=-1:DX=-1:SP=1:PR=-1</Objects2>
  </Points>
  <Points>
    <Name>DespiseRevamped Evil #13</Name>
    <UniqueId>3ecfd5b9-9f1b-4d8a-ba04-46a3bf4d7a28</UniqueId>
    <Map>Trammel</Map>
    <X>5598</X>
    <Y>784</Y>
    <Width>30</Width>
    <Height>30</Height>
    <CentreX>5603</CentreX>
    <CentreY>789</CentreY>
    <CentreZ>61</CentreZ>
    <Range>5</Range>
    <MaxCount>5</MaxCount>
    <MinDelay>5</MinDelay>
    <MaxDelay>10</MaxDelay>
    <DelayInSec>False</DelayInSec>
    <Duration>0</Duration>
    <DespawnTime>0</DespawnTime>
    <ProximityRange>-1</ProximityRange>
    <ProximityTriggerSound>500</ProximityTriggerSound>
    <TriggerProbability>1</TriggerProbability>
    <InContainer>False</InContainer>
    <MinRefractory>0</MinRefractory>
    <MaxRefractory>0</MaxRefractory>
    <TODStart>0</TODStart>
    <TODEnd>0</TODEnd>
    <TODMode>0</TODMode>
    <KillReset>1</KillReset>
    <ExternalTriggering>False</ExternalTriggering>
    <SequentialSpawning>-1</SequentialSpawning>
    <AllowGhostTriggering>False</AllowGhostTriggering>
    <AllowNPCTriggering>False</AllowNPCTriggering>
    <SpawnOnTrigger>False</SpawnOnTrigger>
    <SmartSpawning>False</SmartSpawning>
    <TickReset>False</TickReset>
    <Team>0</Team>
    <Amount>1</Amount>
    <IsGroup>False</IsGroup>
    <IsRunning>True</IsRunning>
    <IsHomeRangeRelative>True</IsHomeRangeRelative>
    <Objects2>Phantom,{RND,4,8},{RND,1,5}:MX=1:SB=0:RT=0:TO=0:KL=0:RK=0:CA=1:DN=-1:DX=-1:SP=1:PR=-1:OBJ=Naba,{RND,4,8},{RND,1,5}:MX=1:SB=0:RT=0:TO=0:KL=0:RK=0:CA=1:DN=-1:DX=-1:SP=1:PR=-1:OBJ=Darkmane,{RND,4,8},{RND,1,5}:MX=1:SB=0:RT=0:TO=0:KL=0:RK=0:CA=1:DN=-1:DX=-1:SP=1:PR=-1:OBJ=Skeletrex,{RND,4,8},{RND,1,5}:MX=1:SB=0:RT=0:TO=0:KL=0:RK=0:CA=1:DN=-1:DX=-1:SP=1:PR=-1:OBJ=Hellion,{RND,4,8},{RND,1,5}:MX=1:SB=0:RT=0:TO=0:KL=0:RK=0:CA=1:DN=-1:DX=-1:SP=1:PR=-1:OBJ=Echidnite,{RND,4,8},{RND,1,5}:MX=1:SB=0:RT=0:TO=0:KL=0:RK=0:CA=1:DN=-1:DX=-1:SP=1:PR=-1:OBJ=BirlingBlades,{RND,4,8},{RND,1,5}:MX=1:SB=0:RT=0:TO=0:KL=0:RK=0:CA=1:DN=-1:DX=-1:SP=1:PR=-1:OBJ=Prometheoid,{RND,4,8},{RND,1,5}:MX=1:SB=0:RT=0:TO=0:KL=0:RK=0:CA=1:DN=-1:DX=-1:SP=1:PR=-1</Objects2>
  </Points>
  <Points>
    <Name>DespiseRevamped Evil #4</Name>
    <UniqueId>45ae33e0-86d2-4132-81c2-16a13316dc5d</UniqueId>
    <Map>Trammel</Map>
    <X>5454</X>
    <Y>818</Y>
    <Width>30</Width>
    <Height>30</Height>
    <CentreX>5459</CentreX>
    <CentreY>823</CentreY>
    <CentreZ>61</CentreZ>
    <Range>5</Range>
    <MaxCount>5</MaxCount>
    <MinDelay>5</MinDelay>
    <MaxDelay>10</MaxDelay>
    <DelayInSec>False</DelayInSec>
    <Duration>0</Duration>
    <DespawnTime>0</DespawnTime>
    <ProximityRange>-1</ProximityRange>
    <ProximityTriggerSound>500</ProximityTriggerSound>
    <TriggerProbability>1</TriggerProbability>
    <InContainer>False</InContainer>
    <MinRefractory>0</MinRefractory>
    <MaxRefractory>0</MaxRefractory>
    <TODStart>0</TODStart>
    <TODEnd>0</TODEnd>
    <TODMode>0</TODMode>
    <KillReset>1</KillReset>
    <ExternalTriggering>False</ExternalTriggering>
    <SequentialSpawning>-1</SequentialSpawning>
    <AllowGhostTriggering>False</AllowGhostTriggering>
    <AllowNPCTriggering>False</AllowNPCTriggering>
    <SpawnOnTrigger>False</SpawnOnTrigger>
    <SmartSpawning>False</SmartSpawning>
    <TickReset>False</TickReset>
    <Team>0</Team>
    <Amount>1</Amount>
    <IsGroup>False</IsGroup>
    <IsRunning>True</IsRunning>
    <IsHomeRangeRelative>True</IsHomeRangeRelative>
    <Objects2>Phantom,{RND,4,8},{RND,1,5}:MX=1:SB=0:RT=0:TO=0:KL=0:RK=0:CA=1:DN=-1:DX=-1:SP=1:PR=-1:OBJ=Naba,{RND,4,8},{RND,1,5}:MX=1:SB=0:RT=0:TO=0:KL=0:RK=0:CA=1:DN=-1:DX=-1:SP=1:PR=-1:OBJ=Darkmane,{RND,4,8},{RND,1,5}:MX=1:SB=0:RT=0:TO=0:KL=0:RK=0:CA=1:DN=-1:DX=-1:SP=1:PR=-1:OBJ=Skeletrex,{RND,4,8},{RND,1,5}:MX=1:SB=0:RT=0:TO=0:KL=0:RK=0:CA=1:DN=-1:DX=-1:SP=1:PR=-1:OBJ=Hellion,{RND,4,8},{RND,1,5}:MX=1:SB=0:RT=0:TO=0:KL=0:RK=0:CA=1:DN=-1:DX=-1:SP=1:PR=-1:OBJ=Echidnite,{RND,4,8},{RND,1,5}:MX=1:SB=0:RT=0:TO=0:KL=0:RK=0:CA=1:DN=-1:DX=-1:SP=1:PR=-1:OBJ=BirlingBlades,{RND,4,8},{RND,1,5}:MX=1:SB=0:RT=0:TO=0:KL=0:RK=0:CA=1:DN=-1:DX=-1:SP=1:PR=-1:OBJ=Prometheoid,{RND,4,8},{RND,1,5}:MX=1:SB=0:RT=0:TO=0:KL=0:RK=0:CA=1:DN=-1:DX=-1:SP=1:PR=-1</Objects2>
  </Points>
  <Points>
    <Name>DespiseRevamped #14</Name>
    <UniqueId>48df3e20-6a53-4df7-9253-b48ce4bed081</UniqueId>
    <Map>Trammel</Map>
    <X>5472</X>
    <Y>651</Y>
    <Width>44</Width>
    <Height>44</Height>
    <CentreX>5494</CentreX>
    <CentreY>673</CentreY>
    <CentreZ>20</CentreZ>
    <Range>5</Range>
    <MaxCount>9</MaxCount>
    <MinDelay>2</MinDelay>
    <MaxDelay>3</MaxDelay>
    <DelayInSec>False</DelayInSec>
    <Duration>0</Duration>
    <DespawnTime>0</DespawnTime>
    <ProximityRange>-1</ProximityRange>
    <ProximityTriggerSound>500</ProximityTriggerSound>
    <TriggerProbability>1</TriggerProbability>
    <InContainer>False</InContainer>
    <MinRefractory>0</MinRefractory>
    <MaxRefractory>0</MaxRefractory>
    <TODStart>0</TODStart>
    <TODEnd>0</TODEnd>
    <TODMode>0</TODMode>
    <KillReset>1</KillReset>
    <ExternalTriggering>False</ExternalTriggering>
    <SequentialSpawning>-1</SequentialSpawning>
    <AllowGhostTriggering>False</AllowGhostTriggering>
    <AllowNPCTriggering>False</AllowNPCTriggering>
    <SpawnOnTrigger>False</SpawnOnTrigger>
    <SmartSpawning>True</SmartSpawning>
    <TickReset>False</TickReset>
    <Team>0</Team>
    <Amount>1</Amount>
    <IsGroup>False</IsGroup>
    <IsRunning>True</IsRunning>
    <IsHomeRangeRelative>True</IsHomeRangeRelative>
    <Objects2>Phantom,{RND,1,5}:MX=1:SB=0:RT=0:TO=0:KL=0:RK=0:CA=1:DN=-1:DX=-1:SP=1:PR=-1:OBJ=Naba,{RND,1,5}:MX=1:SB=0:RT=0:TO=0:KL=0:RK=0:CA=1:DN=-1:DX=-1:SP=1:PR=-1:OBJ=Darkmane,{RND,1,5}:MX=1:SB=0:RT=0:TO=0:KL=0:RK=0:CA=1:DN=-1:DX=-1:SP=1:PR=-1:OBJ=Skeletrex,{RND,1,5}:MX=1:SB=0:RT=0:TO=0:KL=0:RK=0:CA=1:DN=-1:DX=-1:SP=1:PR=-1:OBJ=Hellion,{RND,1,5}:MX=1:SB=0:RT=0:TO=0:KL=0:RK=0:CA=1:DN=-1:DX=-1:SP=1:PR=-1:OBJ=Echidnite,{RND,1,5}:MX=1:SB=0:RT=0:TO=0:KL=0:RK=0:CA=1:DN=-1:DX=-1:SP=1:PR=-1:OBJ=BirlingBlades,{RND,1,5}:MX=1:SB=0:RT=0:TO=0:KL=0:RK=0:CA=1:DN=-1:DX=-1:SP=1:PR=-1:OBJ=Prometheoid,{RND,1,5}:MX=1:SB=0:RT=0:TO=0:KL=0:RK=0:CA=1:DN=-1:DX=-1:SP=1:PR=-1</Objects2>
  </Points>
  <Points>
    <Name>DespiseRevamped #12</Name>
    <UniqueId>554eba51-410c-4e2d-95f2-038728e75d74</UniqueId>
    <Map>Trammel</Map>
    <X>5425</X>
    <Y>736</Y>
    <Width>24</Width>
    <Height>24</Height>
    <CentreX>5437</CentreX>
    <CentreY>748</CentreY>
    <CentreZ>5</CentreZ>
    <Range>5</Range>
    <MaxCount>3</MaxCount>
    <MinDelay>2</MinDelay>
    <MaxDelay>3</MaxDelay>
    <DelayInSec>False</DelayInSec>
    <Duration>0</Duration>
    <DespawnTime>0</DespawnTime>
    <ProximityRange>-1</ProximityRange>
    <ProximityTriggerSound>500</ProximityTriggerSound>
    <TriggerProbability>1</TriggerProbability>
    <InContainer>False</InContainer>
    <MinRefractory>0</MinRefractory>
    <MaxRefractory>0</MaxRefractory>
    <TODStart>0</TODStart>
    <TODEnd>0</TODEnd>
    <TODMode>0</TODMode>
    <KillReset>1</KillReset>
    <ExternalTriggering>False</ExternalTriggering>
    <SequentialSpawning>-1</SequentialSpawning>
    <AllowGhostTriggering>False</AllowGhostTriggering>
    <AllowNPCTriggering>False</AllowNPCTriggering>
    <SpawnOnTrigger>False</SpawnOnTrigger>
    <SmartSpawning>True</SmartSpawning>
    <TickReset>False</TickReset>
    <Team>0</Team>
    <Amount>1</Amount>
    <IsGroup>False</IsGroup>
    <IsRunning>True</IsRunning>
    <IsHomeRangeRelative>True</IsHomeRangeRelative>
    <Objects2>Phantom,{RND,1,5}:MX=1:SB=0:RT=0:TO=0:KL=0:RK=0:CA=1:DN=-1:DX=-1:SP=1:PR=-1:OBJ=Naba,{RND,1,5}:MX=1:SB=0:RT=0:TO=0:KL=0:RK=0:CA=1:DN=-1:DX=-1:SP=1:PR=-1:OBJ=Darkmane,{RND,1,5}:MX=1:SB=0:RT=0:TO=0:KL=0:RK=0:CA=1:DN=-1:DX=-1:SP=1:PR=-1:OBJ=Skeletrex,{RND,1,5}:MX=1:SB=0:RT=0:TO=0:KL=0:RK=0:CA=1:DN=-1:DX=-1:SP=1:PR=-1:OBJ=Hellion,{RND,1,5}:MX=1:SB=0:RT=0:TO=0:KL=0:RK=0:CA=1:DN=-1:DX=-1:SP=1:PR=-1:OBJ=Echidnite,{RND,1,5}:MX=1:SB=0:RT=0:TO=0:KL=0:RK=0:CA=1:DN=-1:DX=-1:SP=1:PR=-1:OBJ=BirlingBlades,{RND,1,5}:MX=1:SB=0:RT=0:TO=0:KL=0:RK=0:CA=1:DN=-1:DX=-1:SP=1:PR=-1:OBJ=Prometheoid,{RND,1,5}:MX=1:SB=0:RT=0:TO=0:KL=0:RK=0:CA=1:DN=-1:DX=-1:SP=1:PR=-1</Objects2>
  </Points>
  <Points>
    <Name>DespiseRevamped Evil #6</Name>
    <UniqueId>56de275b-51e7-4cc4-a739-7c271489b63d</UniqueId>
    <Map>Trammel</Map>
    <X>5423</X>
    <Y>904</Y>
    <Width>30</Width>
    <Height>30</Height>
    <CentreX>5428</CentreX>
    <CentreY>909</CentreY>
    <CentreZ>31</CentreZ>
    <Range>5</Range>
    <MaxCount>5</MaxCount>
    <MinDelay>5</MinDelay>
    <MaxDelay>10</MaxDelay>
    <DelayInSec>False</DelayInSec>
    <Duration>0</Duration>
    <DespawnTime>0</DespawnTime>
    <ProximityRange>-1</ProximityRange>
    <ProximityTriggerSound>500</ProximityTriggerSound>
    <TriggerProbability>1</TriggerProbability>
    <InContainer>False</InContainer>
    <MinRefractory>0</MinRefractory>
    <MaxRefractory>0</MaxRefractory>
    <TODStart>0</TODStart>
    <TODEnd>0</TODEnd>
    <TODMode>0</TODMode>
    <KillReset>1</KillReset>
    <ExternalTriggering>False</ExternalTriggering>
    <SequentialSpawning>-1</SequentialSpawning>
    <AllowGhostTriggering>False</AllowGhostTriggering>
    <AllowNPCTriggering>False</AllowNPCTriggering>
    <SpawnOnTrigger>False</SpawnOnTrigger>
    <SmartSpawning>False</SmartSpawning>
    <TickReset>False</TickReset>
    <Team>0</Team>
    <Amount>1</Amount>
    <IsGroup>False</IsGroup>
    <IsRunning>True</IsRunning>
    <IsHomeRangeRelative>True</IsHomeRangeRelative>
    <Objects2>Phantom,{RND,4,8},{RND,1,5}:MX=1:SB=0:RT=0:TO=0:KL=0:RK=0:CA=1:DN=-1:DX=-1:SP=1:PR=-1:OBJ=Naba,{RND,4,8},{RND,1,5}:MX=1:SB=0:RT=0:TO=0:KL=0:RK=0:CA=1:DN=-1:DX=-1:SP=1:PR=-1:OBJ=Darkmane,{RND,4,8},{RND,1,5}:MX=1:SB=0:RT=0:TO=0:KL=0:RK=0:CA=1:DN=-1:DX=-1:SP=1:PR=-1:OBJ=Skeletrex,{RND,4,8},{RND,1,5}:MX=1:SB=0:RT=0:TO=0:KL=0:RK=0:CA=1:DN=-1:DX=-1:SP=1:PR=-1:OBJ=Hellion,{RND,4,8},{RND,1,5}:MX=1:SB=0:RT=0:TO=0:KL=0:RK=0:CA=1:DN=-1:DX=-1:SP=1:PR=-1:OBJ=Echidnite,{RND,4,8},{RND,1,5}:MX=1:SB=0:RT=0:TO=0:KL=0:RK=0:CA=1:DN=-1:DX=-1:SP=1:PR=-1:OBJ=BirlingBlades,{RND,4,8},{RND,1,5}:MX=1:SB=0:RT=0:TO=0:KL=0:RK=0:CA=1:DN=-1:DX=-1:SP=1:PR=-1:OBJ=Prometheoid,{RND,4,8},{RND,1,5}:MX=1:SB=0:RT=0:TO=0:KL=0:RK=0:CA=1:DN=-1:DX=-1:SP=1:PR=-1</Objects2>
  </Points>
  <Points>
    <Name>DespiseRevamped Good #5</Name>
    <UniqueId>5c8fbdd3-0bd0-4848-aad8-423d3318fbc6</UniqueId>
    <Map>Trammel</Map>
    <X>5431</X>
    <Y>850</Y>
    <Width>30</Width>
    <Height>30</Height>
    <CentreX>5436</CentreX>
    <CentreY>855</CentreY>
    <CentreZ>45</CentreZ>
    <Range>5</Range>
    <MaxCount>5</MaxCount>
    <MinDelay>5</MinDelay>
    <MaxDelay>10</MaxDelay>
    <DelayInSec>False</DelayInSec>
    <Duration>0</Duration>
    <DespawnTime>0</DespawnTime>
    <ProximityRange>-1</ProximityRange>
    <ProximityTriggerSound>500</ProximityTriggerSound>
    <TriggerProbability>1</TriggerProbability>
    <InContainer>False</InContainer>
    <MinRefractory>0</MinRefractory>
    <MaxRefractory>0</MaxRefractory>
    <TODStart>0</TODStart>
    <TODEnd>0</TODEnd>
    <TODMode>0</TODMode>
    <KillReset>1</KillReset>
    <ExternalTriggering>False</ExternalTriggering>
    <SequentialSpawning>-1</SequentialSpawning>
    <AllowGhostTriggering>False</AllowGhostTriggering>
    <AllowNPCTriggering>False</AllowNPCTriggering>
    <SpawnOnTrigger>False</SpawnOnTrigger>
    <SmartSpawning>False</SmartSpawning>
    <TickReset>False</TickReset>
    <Team>0</Team>
    <Amount>1</Amount>
    <IsGroup>False</IsGroup>
    <IsRunning>True</IsRunning>
    <IsHomeRangeRelative>True</IsHomeRangeRelative>
    <Objects2>Silenii,{RND,4,8},{RND,1,5}:MX=1:SB=0:RT=0:TO=0:KL=0:RK=0:CA=1:DN=-1:DX=-1:SP=1:PR=-1:OBJ=ForestNymph,{RND,4,8},{RND,1,5}:MX=1:SB=0:RT=0:TO=0:KL=0:RK=0:CA=1:DN=-1:DX=-1:SP=1:PR=-1:OBJ=DespiseUnicorn,{RND,4,8},{RND,1,5}:MX=1:SB=0:RT=0:TO=0:KL=0:RK=0:CA=1:DN=-1:DX=-1:SP=1:PR=-1:OBJ=Sagittarri,{RND,4,8},{RND,1,5}:MX=1:SB=0:RT=0:TO=0:KL=0:RK=0:CA=1:DN=-1:DX=-1:SP=1:PR=-1:OBJ=Ursadane,{RND,4,8},{RND,1,5}:MX=1:SB=0:RT=0:TO=0:KL=0:RK=0:CA=1:DN=-1:DX=-1:SP=1:PR=-1:OBJ=DivineGuardian,{RND,4,8},{RND,1,5}:MX=1:SB=0:RT=0:TO=0:KL=0:RK=0:CA=1:DN=-1:DX=-1:SP=1:PR=-1:OBJ=Dendrite,{RND,4,8},{RND,1,5}:MX=1:SB=0:RT=0:TO=0:KL=0:RK=0:CA=1:DN=-1:DX=-1:SP=1:PR=-1:OBJ=Fairy,{RND,4,8},{RND,1,5}:MX=1:SB=0:RT=0:TO=0:KL=0:RK=0:CA=1:DN=-1:DX=-1:SP=1:PR=-1</Objects2>
  </Points>
  <Points>
    <Name>DespiseRevamped Good #9</Name>
    <UniqueId>64a17bed-250b-4a00-97b1-f6e6c1105140</UniqueId>
    <Map>Trammel</Map>
    <X>5488</X>
    <Y>918</Y>
    <Width>30</Width>
    <Height>30</Height>
    <CentreX>5493</CentreX>
    <CentreY>923</CentreY>
    <CentreZ>20</CentreZ>
    <Range>5</Range>
    <MaxCount>5</MaxCount>
    <MinDelay>5</MinDelay>
    <MaxDelay>10</MaxDelay>
    <DelayInSec>False</DelayInSec>
    <Duration>0</Duration>
    <DespawnTime>0</DespawnTime>
    <ProximityRange>-1</ProximityRange>
    <ProximityTriggerSound>500</ProximityTriggerSound>
    <TriggerProbability>1</TriggerProbability>
    <InContainer>False</InContainer>
    <MinRefractory>0</MinRefractory>
    <MaxRefractory>0</MaxRefractory>
    <TODStart>0</TODStart>
    <TODEnd>0</TODEnd>
    <TODMode>0</TODMode>
    <KillReset>1</KillReset>
    <ExternalTriggering>False</ExternalTriggering>
    <SequentialSpawning>-1</SequentialSpawning>
    <AllowGhostTriggering>False</AllowGhostTriggering>
    <AllowNPCTriggering>False</AllowNPCTriggering>
    <SpawnOnTrigger>False</SpawnOnTrigger>
    <SmartSpawning>False</SmartSpawning>
    <TickReset>False</TickReset>
    <Team>0</Team>
    <Amount>1</Amount>
    <IsGroup>False</IsGroup>
    <IsRunning>True</IsRunning>
    <IsHomeRangeRelative>True</IsHomeRangeRelative>
    <Objects2>Silenii,{RND,4,8},{RND,1,5}:MX=1:SB=0:RT=0:TO=0:KL=0:RK=0:CA=1:DN=-1:DX=-1:SP=1:PR=-1:OBJ=ForestNymph,{RND,4,8},{RND,1,5}:MX=1:SB=0:RT=0:TO=0:KL=0:RK=0:CA=1:DN=-1:DX=-1:SP=1:PR=-1:OBJ=DespiseUnicorn,{RND,4,8},{RND,1,5}:MX=1:SB=0:RT=0:TO=0:KL=0:RK=0:CA=1:DN=-1:DX=-1:SP=1:PR=-1:OBJ=Sagittarri,{RND,4,8},{RND,1,5}:MX=1:SB=0:RT=0:TO=0:KL=0:RK=0:CA=1:DN=-1:DX=-1:SP=1:PR=-1:OBJ=Ursadane,{RND,4,8},{RND,1,5}:MX=1:SB=0:RT=0:TO=0:KL=0:RK=0:CA=1:DN=-1:DX=-1:SP=1:PR=-1:OBJ=DivineGuardian,{RND,4,8},{RND,1,5}:MX=1:SB=0:RT=0:TO=0:KL=0:RK=0:CA=1:DN=-1:DX=-1:SP=1:PR=-1:OBJ=Dendrite,{RND,4,8},{RND,1,5}:MX=1:SB=0:RT=0:TO=0:KL=0:RK=0:CA=1:DN=-1:DX=-1:SP=1:PR=-1:OBJ=Fairy,{RND,4,8},{RND,1,5}:MX=1:SB=0:RT=0:TO=0:KL=0:RK=0:CA=1:DN=-1:DX=-1:SP=1:PR=-1</Objects2>
  </Points>
  <Points>
    <Name>DespiseRevamped #12</Name>
    <UniqueId>6dc881dc-8a32-413a-81db-c582608ea2fb</UniqueId>
    <Map>Trammel</Map>
    <X>5408</X>
    <Y>721</Y>
    <Width>24</Width>
    <Height>24</Height>
    <CentreX>5420</CentreX>
    <CentreY>733</CentreY>
    <CentreZ>5</CentreZ>
    <Range>5</Range>
    <MaxCount>3</MaxCount>
    <MinDelay>2</MinDelay>
    <MaxDelay>3</MaxDelay>
    <DelayInSec>False</DelayInSec>
    <Duration>0</Duration>
    <DespawnTime>0</DespawnTime>
    <ProximityRange>-1</ProximityRange>
    <ProximityTriggerSound>500</ProximityTriggerSound>
    <TriggerProbability>1</TriggerProbability>
    <InContainer>False</InContainer>
    <MinRefractory>0</MinRefractory>
    <MaxRefractory>0</MaxRefractory>
    <TODStart>0</TODStart>
    <TODEnd>0</TODEnd>
    <TODMode>0</TODMode>
    <KillReset>1</KillReset>
    <ExternalTriggering>False</ExternalTriggering>
    <SequentialSpawning>-1</SequentialSpawning>
    <AllowGhostTriggering>False</AllowGhostTriggering>
    <AllowNPCTriggering>False</AllowNPCTriggering>
    <SpawnOnTrigger>False</SpawnOnTrigger>
    <SmartSpawning>True</SmartSpawning>
    <TickReset>False</TickReset>
    <Team>0</Team>
    <Amount>1</Amount>
    <IsGroup>False</IsGroup>
    <IsRunning>True</IsRunning>
    <IsHomeRangeRelative>True</IsHomeRangeRelative>
    <Objects2>Phantom,{RND,1,5}:MX=1:SB=0:RT=0:TO=0:KL=0:RK=0:CA=1:DN=-1:DX=-1:SP=1:PR=-1:OBJ=Naba,{RND,1,5}:MX=1:SB=0:RT=0:TO=0:KL=0:RK=0:CA=1:DN=-1:DX=-1:SP=1:PR=-1:OBJ=Darkmane,{RND,1,5}:MX=1:SB=0:RT=0:TO=0:KL=0:RK=0:CA=1:DN=-1:DX=-1:SP=1:PR=-1:OBJ=Skeletrex,{RND,1,5}:MX=1:SB=0:RT=0:TO=0:KL=0:RK=0:CA=1:DN=-1:DX=-1:SP=1:PR=-1:OBJ=Hellion,{RND,1,5}:MX=1:SB=0:RT=0:TO=0:KL=0:RK=0:CA=1:DN=-1:DX=-1:SP=1:PR=-1:OBJ=Echidnite,{RND,1,5}:MX=1:SB=0:RT=0:TO=0:KL=0:RK=0:CA=1:DN=-1:DX=-1:SP=1:PR=-1:OBJ=BirlingBlades,{RND,1,5}:MX=1:SB=0:RT=0:TO=0:KL=0:RK=0:CA=1:DN=-1:DX=-1:SP=1:PR=-1:OBJ=Prometheoid,{RND,1,5}:MX=1:SB=0:RT=0:TO=0:KL=0:RK=0:CA=1:DN=-1:DX=-1:SP=1:PR=-1</Objects2>
  </Points>
  <Points>
    <Name>DespiseRevamped Evil #11</Name>
    <UniqueId>72774e16-de8b-413d-9e12-a5db8714cad5</UniqueId>
    <Map>Trammel</Map>
    <X>5571</X>
    <Y>867</Y>
    <Width>30</Width>
    <Height>30</Height>
    <CentreX>5576</CentreX>
    <CentreY>872</CentreY>
    <CentreZ>46</CentreZ>
    <Range>5</Range>
    <MaxCount>5</MaxCount>
    <MinDelay>5</MinDelay>
    <MaxDelay>10</MaxDelay>
    <DelayInSec>False</DelayInSec>
    <Duration>0</Duration>
    <DespawnTime>0</DespawnTime>
    <ProximityRange>-1</ProximityRange>
    <ProximityTriggerSound>500</ProximityTriggerSound>
    <TriggerProbability>1</TriggerProbability>
    <InContainer>False</InContainer>
    <MinRefractory>0</MinRefractory>
    <MaxRefractory>0</MaxRefractory>
    <TODStart>0</TODStart>
    <TODEnd>0</TODEnd>
    <TODMode>0</TODMode>
    <KillReset>1</KillReset>
    <ExternalTriggering>False</ExternalTriggering>
    <SequentialSpawning>-1</SequentialSpawning>
    <AllowGhostTriggering>False</AllowGhostTriggering>
    <AllowNPCTriggering>False</AllowNPCTriggering>
    <SpawnOnTrigger>False</SpawnOnTrigger>
    <SmartSpawning>False</SmartSpawning>
    <TickReset>False</TickReset>
    <Team>0</Team>
    <Amount>1</Amount>
    <IsGroup>False</IsGroup>
    <IsRunning>True</IsRunning>
    <IsHomeRangeRelative>True</IsHomeRangeRelative>
    <Objects2>Phantom,{RND,4,8},{RND,1,5}:MX=1:SB=0:RT=0:TO=0:KL=0:RK=0:CA=1:DN=-1:DX=-1:SP=1:PR=-1:OBJ=Naba,{RND,4,8},{RND,1,5}:MX=1:SB=0:RT=0:TO=0:KL=0:RK=0:CA=1:DN=-1:DX=-1:SP=1:PR=-1:OBJ=Darkmane,{RND,4,8},{RND,1,5}:MX=1:SB=0:RT=0:TO=0:KL=0:RK=0:CA=1:DN=-1:DX=-1:SP=1:PR=-1:OBJ=Skeletrex,{RND,4,8},{RND,1,5}:MX=1:SB=0:RT=0:TO=0:KL=0:RK=0:CA=1:DN=-1:DX=-1:SP=1:PR=-1:OBJ=Hellion,{RND,4,8},{RND,1,5}:MX=1:SB=0:RT=0:TO=0:KL=0:RK=0:CA=1:DN=-1:DX=-1:SP=1:PR=-1:OBJ=Echidnite,{RND,4,8},{RND,1,5}:MX=1:SB=0:RT=0:TO=0:KL=0:RK=0:CA=1:DN=-1:DX=-1:SP=1:PR=-1:OBJ=BirlingBlades,{RND,4,8},{RND,1,5}:MX=1:SB=0:RT=0:TO=0:KL=0:RK=0:CA=1:DN=-1:DX=-1:SP=1:PR=-1:OBJ=Prometheoid,{RND,4,8},{RND,1,5}:MX=1:SB=0:RT=0:TO=0:KL=0:RK=0:CA=1:DN=-1:DX=-1:SP=1:PR=-1</Objects2>
  </Points>
  <Points>
    <Name>DespiseRevamped Evil #10</Name>
    <UniqueId>798f8c80-d0d0-4cd8-a794-04383d04b82a</UniqueId>
    <Map>Trammel</Map>
    <X>5543</X>
    <Y>894</Y>
    <Width>30</Width>
    <Height>30</Height>
    <CentreX>5548</CentreX>
    <CentreY>899</CentreY>
    <CentreZ>31</CentreZ>
    <Range>5</Range>
    <MaxCount>5</MaxCount>
    <MinDelay>5</MinDelay>
    <MaxDelay>10</MaxDelay>
    <DelayInSec>False</DelayInSec>
    <Duration>0</Duration>
    <DespawnTime>0</DespawnTime>
    <ProximityRange>-1</ProximityRange>
    <ProximityTriggerSound>500</ProximityTriggerSound>
    <TriggerProbability>1</TriggerProbability>
    <InContainer>False</InContainer>
    <MinRefractory>0</MinRefractory>
    <MaxRefractory>0</MaxRefractory>
    <TODStart>0</TODStart>
    <TODEnd>0</TODEnd>
    <TODMode>0</TODMode>
    <KillReset>1</KillReset>
    <ExternalTriggering>False</ExternalTriggering>
    <SequentialSpawning>-1</SequentialSpawning>
    <AllowGhostTriggering>False</AllowGhostTriggering>
    <AllowNPCTriggering>False</AllowNPCTriggering>
    <SpawnOnTrigger>False</SpawnOnTrigger>
    <SmartSpawning>False</SmartSpawning>
    <TickReset>False</TickReset>
    <Team>0</Team>
    <Amount>1</Amount>
    <IsGroup>False</IsGroup>
    <IsRunning>True</IsRunning>
    <IsHomeRangeRelative>True</IsHomeRangeRelative>
    <Objects2>Phantom,{RND,4,8},{RND,1,5}:MX=1:SB=0:RT=0:TO=0:KL=0:RK=0:CA=1:DN=-1:DX=-1:SP=1:PR=-1:OBJ=Naba,{RND,4,8},{RND,1,5}:MX=1:SB=0:RT=0:TO=0:KL=0:RK=0:CA=1:DN=-1:DX=-1:SP=1:PR=-1:OBJ=Darkmane,{RND,4,8},{RND,1,5}:MX=1:SB=0:RT=0:TO=0:KL=0:RK=0:CA=1:DN=-1:DX=-1:SP=1:PR=-1:OBJ=Skeletrex,{RND,4,8},{RND,1,5}:MX=1:SB=0:RT=0:TO=0:KL=0:RK=0:CA=1:DN=-1:DX=-1:SP=1:PR=-1:OBJ=Hellion,{RND,4,8},{RND,1,5}:MX=1:SB=0:RT=0:TO=0:KL=0:RK=0:CA=1:DN=-1:DX=-1:SP=1:PR=-1:OBJ=Echidnite,{RND,4,8},{RND,1,5}:MX=1:SB=0:RT=0:TO=0:KL=0:RK=0:CA=1:DN=-1:DX=-1:SP=1:PR=-1:OBJ=BirlingBlades,{RND,4,8},{RND,1,5}:MX=1:SB=0:RT=0:TO=0:KL=0:RK=0:CA=1:DN=-1:DX=-1:SP=1:PR=-1:OBJ=Prometheoid,{RND,4,8},{RND,1,5}:MX=1:SB=0:RT=0:TO=0:KL=0:RK=0:CA=1:DN=-1:DX=-1:SP=1:PR=-1</Objects2>
  </Points>
  <Points>
    <Name>DespiseRevamped Evil #5</Name>
    <UniqueId>7c952fa6-a2c0-43e5-a43f-4bec588c431a</UniqueId>
    <Map>Trammel</Map>
    <X>5431</X>
    <Y>850</Y>
    <Width>30</Width>
    <Height>30</Height>
    <CentreX>5436</CentreX>
    <CentreY>855</CentreY>
    <CentreZ>46</CentreZ>
    <Range>5</Range>
    <MaxCount>5</MaxCount>
    <MinDelay>5</MinDelay>
    <MaxDelay>10</MaxDelay>
    <DelayInSec>False</DelayInSec>
    <Duration>0</Duration>
    <DespawnTime>0</DespawnTime>
    <ProximityRange>-1</ProximityRange>
    <ProximityTriggerSound>500</ProximityTriggerSound>
    <TriggerProbability>1</TriggerProbability>
    <InContainer>False</InContainer>
    <MinRefractory>0</MinRefractory>
    <MaxRefractory>0</MaxRefractory>
    <TODStart>0</TODStart>
    <TODEnd>0</TODEnd>
    <TODMode>0</TODMode>
    <KillReset>1</KillReset>
    <ExternalTriggering>False</ExternalTriggering>
    <SequentialSpawning>-1</SequentialSpawning>
    <AllowGhostTriggering>False</AllowGhostTriggering>
    <AllowNPCTriggering>False</AllowNPCTriggering>
    <SpawnOnTrigger>False</SpawnOnTrigger>
    <SmartSpawning>False</SmartSpawning>
    <TickReset>False</TickReset>
    <Team>0</Team>
    <Amount>1</Amount>
    <IsGroup>False</IsGroup>
    <IsRunning>True</IsRunning>
    <IsHomeRangeRelative>True</IsHomeRangeRelative>
    <Objects2>Phantom,{RND,4,8},{RND,1,5}:MX=1:SB=0:RT=0:TO=0:KL=0:RK=0:CA=1:DN=-1:DX=-1:SP=1:PR=-1:OBJ=Naba,{RND,4,8},{RND,1,5}:MX=1:SB=0:RT=0:TO=0:KL=0:RK=0:CA=1:DN=-1:DX=-1:SP=1:PR=-1:OBJ=Darkmane,{RND,4,8},{RND,1,5}:MX=1:SB=0:RT=0:TO=0:KL=0:RK=0:CA=1:DN=-1:DX=-1:SP=1:PR=-1:OBJ=Skeletrex,{RND,4,8},{RND,1,5}:MX=1:SB=0:RT=0:TO=0:KL=0:RK=0:CA=1:DN=-1:DX=-1:SP=1:PR=-1:OBJ=Hellion,{RND,4,8},{RND,1,5}:MX=1:SB=0:RT=0:TO=0:KL=0:RK=0:CA=1:DN=-1:DX=-1:SP=1:PR=-1:OBJ=Echidnite,{RND,4,8},{RND,1,5}:MX=1:SB=0:RT=0:TO=0:KL=0:RK=0:CA=1:DN=-1:DX=-1:SP=1:PR=-1:OBJ=BirlingBlades,{RND,4,8},{RND,1,5}:MX=1:SB=0:RT=0:TO=0:KL=0:RK=0:CA=1:DN=-1:DX=-1:SP=1:PR=-1:OBJ=Prometheoid,{RND,4,8},{RND,1,5}:MX=1:SB=0:RT=0:TO=0:KL=0:RK=0:CA=1:DN=-1:DX=-1:SP=1:PR=-1</Objects2>
  </Points>
  <Points>
    <Name>DespiseRevamped #10</Name>
    <UniqueId>7ce66847-16ab-49b9-8239-aae6807051f4</UniqueId>
    <Map>Trammel</Map>
    <X>5426</X>
    <Y>662</Y>
    <Width>30</Width>
    <Height>30</Height>
    <CentreX>5441</CentreX>
    <CentreY>677</CentreY>
    <CentreZ>20</CentreZ>
    <Range>5</Range>
    <MaxCount>5</MaxCount>
    <MinDelay>2</MinDelay>
    <MaxDelay>3</MaxDelay>
    <DelayInSec>False</DelayInSec>
    <Duration>0</Duration>
    <DespawnTime>0</DespawnTime>
    <ProximityRange>-1</ProximityRange>
    <ProximityTriggerSound>500</ProximityTriggerSound>
    <TriggerProbability>1</TriggerProbability>
    <InContainer>False</InContainer>
    <MinRefractory>0</MinRefractory>
    <MaxRefractory>0</MaxRefractory>
    <TODStart>0</TODStart>
    <TODEnd>0</TODEnd>
    <TODMode>0</TODMode>
    <KillReset>1</KillReset>
    <ExternalTriggering>False</ExternalTriggering>
    <SequentialSpawning>-1</SequentialSpawning>
    <AllowGhostTriggering>False</AllowGhostTriggering>
    <AllowNPCTriggering>False</AllowNPCTriggering>
    <SpawnOnTrigger>False</SpawnOnTrigger>
    <SmartSpawning>True</SmartSpawning>
    <TickReset>False</TickReset>
    <Team>0</Team>
    <Amount>1</Amount>
    <IsGroup>False</IsGroup>
    <IsRunning>True</IsRunning>
    <IsHomeRangeRelative>True</IsHomeRangeRelative>
    <Objects2>Phantom,{RND,1,5}:MX=1:SB=0:RT=0:TO=0:KL=0:RK=0:CA=1:DN=-1:DX=-1:SP=1:PR=-1:OBJ=Naba,{RND,1,5}:MX=1:SB=0:RT=0:TO=0:KL=0:RK=0:CA=1:DN=-1:DX=-1:SP=1:PR=-1:OBJ=Darkmane,{RND,1,5}:MX=1:SB=0:RT=0:TO=0:KL=0:RK=0:CA=1:DN=-1:DX=-1:SP=1:PR=-1:OBJ=Skeletrex,{RND,1,5}:MX=1:SB=0:RT=0:TO=0:KL=0:RK=0:CA=1:DN=-1:DX=-1:SP=1:PR=-1:OBJ=Hellion,{RND,1,5}:MX=1:SB=0:RT=0:TO=0:KL=0:RK=0:CA=1:DN=-1:DX=-1:SP=1:PR=-1:OBJ=Echidnite,{RND,1,5}:MX=1:SB=0:RT=0:TO=0:KL=0:RK=0:CA=1:DN=-1:DX=-1:SP=1:PR=-1:OBJ=BirlingBlades,{RND,1,5}:MX=1:SB=0:RT=0:TO=0:KL=0:RK=0:CA=1:DN=-1:DX=-1:SP=1:PR=-1:OBJ=Prometheoid,{RND,1,5}:MX=1:SB=0:RT=0:TO=0:KL=0:RK=0:CA=1:DN=-1:DX=-1:SP=1:PR=-1</Objects2>
  </Points>
  <Points>
    <Name>DespiseRevamped Evil #7</Name>
    <UniqueId>7d8c91ba-8b53-4d41-9d45-5ebf20fe7236</UniqueId>
    <Map>Trammel</Map>
    <X>5390</X>
    <Y>968</Y>
    <Width>30</Width>
    <Height>30</Height>
    <CentreX>5395</CentreX>
    <CentreY>973</CentreY>
    <CentreZ>7</CentreZ>
    <Range>5</Range>
    <MaxCount>5</MaxCount>
    <MinDelay>5</MinDelay>
    <MaxDelay>10</MaxDelay>
    <DelayInSec>False</DelayInSec>
    <Duration>0</Duration>
    <DespawnTime>0</DespawnTime>
    <ProximityRange>-1</ProximityRange>
    <ProximityTriggerSound>500</ProximityTriggerSound>
    <TriggerProbability>1</TriggerProbability>
    <InContainer>False</InContainer>
    <MinRefractory>0</MinRefractory>
    <MaxRefractory>0</MaxRefractory>
    <TODStart>0</TODStart>
    <TODEnd>0</TODEnd>
    <TODMode>0</TODMode>
    <KillReset>1</KillReset>
    <ExternalTriggering>False</ExternalTriggering>
    <SequentialSpawning>-1</SequentialSpawning>
    <AllowGhostTriggering>False</AllowGhostTriggering>
    <AllowNPCTriggering>False</AllowNPCTriggering>
    <SpawnOnTrigger>False</SpawnOnTrigger>
    <SmartSpawning>False</SmartSpawning>
    <TickReset>False</TickReset>
    <Team>0</Team>
    <Amount>1</Amount>
    <IsGroup>False</IsGroup>
    <IsRunning>True</IsRunning>
    <IsHomeRangeRelative>True</IsHomeRangeRelative>
    <Objects2>Phantom,{RND,4,8},{RND,1,5}:MX=1:SB=0:RT=0:TO=0:KL=0:RK=0:CA=1:DN=-1:DX=-1:SP=1:PR=-1:OBJ=Naba,{RND,4,8},{RND,1,5}:MX=1:SB=0:RT=0:TO=0:KL=0:RK=0:CA=1:DN=-1:DX=-1:SP=1:PR=-1:OBJ=Darkmane,{RND,4,8},{RND,1,5}:MX=1:SB=0:RT=0:TO=0:KL=0:RK=0:CA=1:DN=-1:DX=-1:SP=1:PR=-1:OBJ=Skeletrex,{RND,4,8},{RND,1,5}:MX=1:SB=0:RT=0:TO=0:KL=0:RK=0:CA=1:DN=-1:DX=-1:SP=1:PR=-1:OBJ=Hellion,{RND,4,8},{RND,1,5}:MX=1:SB=0:RT=0:TO=0:KL=0:RK=0:CA=1:DN=-1:DX=-1:SP=1:PR=-1:OBJ=Echidnite,{RND,4,8},{RND,1,5}:MX=1:SB=0:RT=0:TO=0:KL=0:RK=0:CA=1:DN=-1:DX=-1:SP=1:PR=-1:OBJ=BirlingBlades,{RND,4,8},{RND,1,5}:MX=1:SB=0:RT=0:TO=0:KL=0:RK=0:CA=1:DN=-1:DX=-1:SP=1:PR=-1:OBJ=Prometheoid,{RND,4,8},{RND,1,5}:MX=1:SB=0:RT=0:TO=0:KL=0:RK=0:CA=1:DN=-1:DX=-1:SP=1:PR=-1</Objects2>
  </Points>
  <Points>
    <Name>DespiseRevamped Good #2</Name>
    <UniqueId>8363a49f-b00e-4e1e-9820-8394d18891cd</UniqueId>
    <Map>Trammel</Map>
    <X>5450</X>
    <Y>782</Y>
    <Width>30</Width>
    <Height>30</Height>
    <CentreX>5455</CentreX>
    <CentreY>787</CentreY>
    <CentreZ>60</CentreZ>
    <Range>5</Range>
    <MaxCount>5</MaxCount>
    <MinDelay>5</MinDelay>
    <MaxDelay>10</MaxDelay>
    <DelayInSec>False</DelayInSec>
    <Duration>0</Duration>
    <DespawnTime>0</DespawnTime>
    <ProximityRange>-1</ProximityRange>
    <ProximityTriggerSound>500</ProximityTriggerSound>
    <TriggerProbability>1</TriggerProbability>
    <InContainer>False</InContainer>
    <MinRefractory>0</MinRefractory>
    <MaxRefractory>0</MaxRefractory>
    <TODStart>0</TODStart>
    <TODEnd>0</TODEnd>
    <TODMode>0</TODMode>
    <KillReset>1</KillReset>
    <ExternalTriggering>False</ExternalTriggering>
    <SequentialSpawning>-1</SequentialSpawning>
    <AllowGhostTriggering>False</AllowGhostTriggering>
    <AllowNPCTriggering>False</AllowNPCTriggering>
    <SpawnOnTrigger>False</SpawnOnTrigger>
    <SmartSpawning>False</SmartSpawning>
    <TickReset>False</TickReset>
    <Team>0</Team>
    <Amount>1</Amount>
    <IsGroup>False</IsGroup>
    <IsRunning>True</IsRunning>
    <IsHomeRangeRelative>True</IsHomeRangeRelative>
    <Objects2>Silenii,{RND,4,8},{RND,1,5}:MX=1:SB=0:RT=0:TO=0:KL=0:RK=0:CA=1:DN=-1:DX=-1:SP=1:PR=-1:OBJ=ForestNymph,{RND,4,8},{RND,1,5}:MX=1:SB=0:RT=0:TO=0:KL=0:RK=0:CA=1:DN=-1:DX=-1:SP=1:PR=-1:OBJ=DespiseUnicorn,{RND,4,8},{RND,1,5}:MX=1:SB=0:RT=0:TO=0:KL=0:RK=0:CA=1:DN=-1:DX=-1:SP=1:PR=-1:OBJ=Sagittarri,{RND,4,8},{RND,1,5}:MX=1:SB=0:RT=0:TO=0:KL=0:RK=0:CA=1:DN=-1:DX=-1:SP=1:PR=-1:OBJ=Ursadane,{RND,4,8},{RND,1,5}:MX=1:SB=0:RT=0:TO=0:KL=0:RK=0:CA=1:DN=-1:DX=-1:SP=1:PR=-1:OBJ=DivineGuardian,{RND,4,8},{RND,1,5}:MX=1:SB=0:RT=0:TO=0:KL=0:RK=0:CA=1:DN=-1:DX=-1:SP=1:PR=-1:OBJ=Dendrite,{RND,4,8},{RND,1,5}:MX=1:SB=0:RT=0:TO=0:KL=0:RK=0:CA=1:DN=-1:DX=-1:SP=1:PR=-1:OBJ=Fairy,{RND,4,8},{RND,1,5}:MX=1:SB=0:RT=0:TO=0:KL=0:RK=0:CA=1:DN=-1:DX=-1:SP=1:PR=-1</Objects2>
  </Points>
  <Points>
    <Name>DespiseRevamped Good #11</Name>
    <UniqueId>8873ebb1-d21b-4d39-b80a-12965d9524df</UniqueId>
    <Map>Trammel</Map>
    <X>5571</X>
    <Y>867</Y>
    <Width>30</Width>
    <Height>30</Height>
    <CentreX>5576</CentreX>
    <CentreY>872</CentreY>
    <CentreZ>45</CentreZ>
    <Range>5</Range>
    <MaxCount>5</MaxCount>
    <MinDelay>5</MinDelay>
    <MaxDelay>10</MaxDelay>
    <DelayInSec>False</DelayInSec>
    <Duration>0</Duration>
    <DespawnTime>0</DespawnTime>
    <ProximityRange>-1</ProximityRange>
    <ProximityTriggerSound>500</ProximityTriggerSound>
    <TriggerProbability>1</TriggerProbability>
    <InContainer>False</InContainer>
    <MinRefractory>0</MinRefractory>
    <MaxRefractory>0</MaxRefractory>
    <TODStart>0</TODStart>
    <TODEnd>0</TODEnd>
    <TODMode>0</TODMode>
    <KillReset>1</KillReset>
    <ExternalTriggering>False</ExternalTriggering>
    <SequentialSpawning>-1</SequentialSpawning>
    <AllowGhostTriggering>False</AllowGhostTriggering>
    <AllowNPCTriggering>False</AllowNPCTriggering>
    <SpawnOnTrigger>False</SpawnOnTrigger>
    <SmartSpawning>False</SmartSpawning>
    <TickReset>False</TickReset>
    <Team>0</Team>
    <Amount>1</Amount>
    <IsGroup>False</IsGroup>
    <IsRunning>True</IsRunning>
    <IsHomeRangeRelative>True</IsHomeRangeRelative>
    <Objects2>Silenii,{RND,4,8},{RND,1,5}:MX=1:SB=0:RT=0:TO=0:KL=0:RK=0:CA=1:DN=-1:DX=-1:SP=1:PR=-1:OBJ=ForestNymph,{RND,4,8},{RND,1,5}:MX=1:SB=0:RT=0:TO=0:KL=0:RK=0:CA=1:DN=-1:DX=-1:SP=1:PR=-1:OBJ=DespiseUnicorn,{RND,4,8},{RND,1,5}:MX=1:SB=0:RT=0:TO=0:KL=0:RK=0:CA=1:DN=-1:DX=-1:SP=1:PR=-1:OBJ=Sagittarri,{RND,4,8},{RND,1,5}:MX=1:SB=0:RT=0:TO=0:KL=0:RK=0:CA=1:DN=-1:DX=-1:SP=1:PR=-1:OBJ=Ursadane,{RND,4,8},{RND,1,5}:MX=1:SB=0:RT=0:TO=0:KL=0:RK=0:CA=1:DN=-1:DX=-1:SP=1:PR=-1:OBJ=DivineGuardian,{RND,4,8},{RND,1,5}:MX=1:SB=0:RT=0:TO=0:KL=0:RK=0:CA=1:DN=-1:DX=-1:SP=1:PR=-1:OBJ=Dendrite,{RND,4,8},{RND,1,5}:MX=1:SB=0:RT=0:TO=0:KL=0:RK=0:CA=1:DN=-1:DX=-1:SP=1:PR=-1:OBJ=Fairy,{RND,4,8},{RND,1,5}:MX=1:SB=0:RT=0:TO=0:KL=0:RK=0:CA=1:DN=-1:DX=-1:SP=1:PR=-1</Objects2>
  </Points>
  <Points>
    <Name>DespiseRevamped Good #12</Name>
    <UniqueId>8b9cd320-ba40-47da-9d1b-7b016549ddc4</UniqueId>
    <Map>Trammel</Map>
    <X>5600</X>
    <Y>819</Y>
    <Width>30</Width>
    <Height>30</Height>
    <CentreX>5605</CentreX>
    <CentreY>824</CentreY>
    <CentreZ>60</CentreZ>
    <Range>5</Range>
    <MaxCount>5</MaxCount>
    <MinDelay>5</MinDelay>
    <MaxDelay>10</MaxDelay>
    <DelayInSec>False</DelayInSec>
    <Duration>0</Duration>
    <DespawnTime>0</DespawnTime>
    <ProximityRange>-1</ProximityRange>
    <ProximityTriggerSound>500</ProximityTriggerSound>
    <TriggerProbability>1</TriggerProbability>
    <InContainer>False</InContainer>
    <MinRefractory>0</MinRefractory>
    <MaxRefractory>0</MaxRefractory>
    <TODStart>0</TODStart>
    <TODEnd>0</TODEnd>
    <TODMode>0</TODMode>
    <KillReset>1</KillReset>
    <ExternalTriggering>False</ExternalTriggering>
    <SequentialSpawning>-1</SequentialSpawning>
    <AllowGhostTriggering>False</AllowGhostTriggering>
    <AllowNPCTriggering>False</AllowNPCTriggering>
    <SpawnOnTrigger>False</SpawnOnTrigger>
    <SmartSpawning>False</SmartSpawning>
    <TickReset>False</TickReset>
    <Team>0</Team>
    <Amount>1</Amount>
    <IsGroup>False</IsGroup>
    <IsRunning>True</IsRunning>
    <IsHomeRangeRelative>True</IsHomeRangeRelative>
    <Objects2>Silenii,{RND,4,8},{RND,1,5}:MX=1:SB=0:RT=0:TO=0:KL=0:RK=0:CA=1:DN=-1:DX=-1:SP=1:PR=-1:OBJ=ForestNymph,{RND,4,8},{RND,1,5}:MX=1:SB=0:RT=0:TO=0:KL=0:RK=0:CA=1:DN=-1:DX=-1:SP=1:PR=-1:OBJ=DespiseUnicorn,{RND,4,8},{RND,1,5}:MX=1:SB=0:RT=0:TO=0:KL=0:RK=0:CA=1:DN=-1:DX=-1:SP=1:PR=-1:OBJ=Sagittarri,{RND,4,8},{RND,1,5}:MX=1:SB=0:RT=0:TO=0:KL=0:RK=0:CA=1:DN=-1:DX=-1:SP=1:PR=-1:OBJ=Ursadane,{RND,4,8},{RND,1,5}:MX=1:SB=0:RT=0:TO=0:KL=0:RK=0:CA=1:DN=-1:DX=-1:SP=1:PR=-1:OBJ=DivineGuardian,{RND,4,8},{RND,1,5}:MX=1:SB=0:RT=0:TO=0:KL=0:RK=0:CA=1:DN=-1:DX=-1:SP=1:PR=-1:OBJ=Dendrite,{RND,4,8},{RND,1,5}:MX=1:SB=0:RT=0:TO=0:KL=0:RK=0:CA=1:DN=-1:DX=-1:SP=1:PR=-1:OBJ=Fairy,{RND,4,8},{RND,1,5}:MX=1:SB=0:RT=0:TO=0:KL=0:RK=0:CA=1:DN=-1:DX=-1:SP=1:PR=-1</Objects2>
  </Points>
  <Points>
    <Name>DespiseRevamped #6</Name>
    <UniqueId>8f906326-9086-4f34-953b-791018d8143d</UniqueId>
    <Map>Trammel</Map>
    <X>5385</X>
    <Y>601</Y>
    <Width>26</Width>
    <Height>28</Height>
    <CentreX>5395</CentreX>
    <CentreY>623</CentreY>
    <CentreZ>30</CentreZ>
    <Range>5</Range>
    <MaxCount>5</MaxCount>
    <MinDelay>2</MinDelay>
    <MaxDelay>3</MaxDelay>
    <DelayInSec>False</DelayInSec>
    <Duration>0</Duration>
    <DespawnTime>0</DespawnTime>
    <ProximityRange>-1</ProximityRange>
    <ProximityTriggerSound>500</ProximityTriggerSound>
    <TriggerProbability>1</TriggerProbability>
    <InContainer>False</InContainer>
    <MinRefractory>0</MinRefractory>
    <MaxRefractory>0</MaxRefractory>
    <TODStart>0</TODStart>
    <TODEnd>0</TODEnd>
    <TODMode>0</TODMode>
    <KillReset>1</KillReset>
    <ExternalTriggering>False</ExternalTriggering>
    <SequentialSpawning>-1</SequentialSpawning>
    <AllowGhostTriggering>False</AllowGhostTriggering>
    <AllowNPCTriggering>False</AllowNPCTriggering>
    <SpawnOnTrigger>False</SpawnOnTrigger>
    <SmartSpawning>True</SmartSpawning>
    <TickReset>False</TickReset>
    <Team>0</Team>
    <Amount>1</Amount>
    <IsGroup>False</IsGroup>
    <IsRunning>True</IsRunning>
    <IsHomeRangeRelative>True</IsHomeRangeRelative>
    <Objects2>Silenii,{RND,1,5}:MX=1:SB=0:RT=0:TO=0:KL=0:RK=0:CA=1:DN=-1:DX=-1:SP=1:PR=-1:OBJ=ForestNymph,{RND,1,5}:MX=1:SB=0:RT=0:TO=0:KL=0:RK=0:CA=1:DN=-1:DX=-1:SP=1:PR=-1:OBJ=DespiseUnicorn,{RND,1,5}:MX=1:SB=0:RT=0:TO=0:KL=0:RK=0:CA=1:DN=-1:DX=-1:SP=1:PR=-1:OBJ=Sagittarri,{RND,1,5}:MX=1:SB=0:RT=0:TO=0:KL=0:RK=0:CA=1:DN=-1:DX=-1:SP=1:PR=-1:OBJ=Ursadane,{RND,1,5}:MX=1:SB=0:RT=0:TO=0:KL=0:RK=0:CA=1:DN=-1:DX=-1:SP=1:PR=-1:OBJ=DivineGuardian,{RND,1,5}:MX=1:SB=0:RT=0:TO=0:KL=0:RK=0:CA=1:DN=-1:DX=-1:SP=1:PR=-1:OBJ=Dendrite,{RND,1,5}:MX=1:SB=0:RT=0:TO=0:KL=0:RK=0:CA=1:DN=-1:DX=-1:SP=1:PR=-1:OBJ=Fairy,{RND,1,5}:MX=1:SB=0:RT=0:TO=0:KL=0:RK=0:CA=1:DN=-1:DX=-1:SP=1:PR=-1</Objects2>
  </Points>
  <Points>
    <Name>DespiseRevamped Good #1</Name>
    <UniqueId>917453c0-58c2-4a49-bc39-e09d439d2cd0</UniqueId>
    <Map>Trammel</Map>
    <X>5395</X>
    <Y>782</Y>
    <Width>30</Width>
    <Height>30</Height>
    <CentreX>5400</CentreX>
    <CentreY>787</CentreY>
    <CentreZ>65</CentreZ>
    <Range>5</Range>
    <MaxCount>5</MaxCount>
    <MinDelay>5</MinDelay>
    <MaxDelay>10</MaxDelay>
    <DelayInSec>False</DelayInSec>
    <Duration>0</Duration>
    <DespawnTime>0</DespawnTime>
    <ProximityRange>-1</ProximityRange>
    <ProximityTriggerSound>500</ProximityTriggerSound>
    <TriggerProbability>1</TriggerProbability>
    <InContainer>False</InContainer>
    <MinRefractory>0</MinRefractory>
    <MaxRefractory>0</MaxRefractory>
    <TODStart>0</TODStart>
    <TODEnd>0</TODEnd>
    <TODMode>0</TODMode>
    <KillReset>1</KillReset>
    <ExternalTriggering>False</ExternalTriggering>
    <SequentialSpawning>-1</SequentialSpawning>
    <AllowGhostTriggering>False</AllowGhostTriggering>
    <AllowNPCTriggering>False</AllowNPCTriggering>
    <SpawnOnTrigger>False</SpawnOnTrigger>
    <SmartSpawning>False</SmartSpawning>
    <TickReset>False</TickReset>
    <Team>0</Team>
    <Amount>1</Amount>
    <IsGroup>False</IsGroup>
    <IsRunning>True</IsRunning>
    <IsHomeRangeRelative>True</IsHomeRangeRelative>
    <Objects2>Silenii,{RND,4,8},{RND,1,5}:MX=1:SB=0:RT=0:TO=0:KL=0:RK=0:CA=1:DN=-1:DX=-1:SP=1:PR=-1:OBJ=ForestNymph,{RND,4,8},{RND,1,5}:MX=1:SB=0:RT=0:TO=0:KL=0:RK=0:CA=1:DN=-1:DX=-1:SP=1:PR=-1:OBJ=DespiseUnicorn,{RND,4,8},{RND,1,5}:MX=1:SB=0:RT=0:TO=0:KL=0:RK=0:CA=1:DN=-1:DX=-1:SP=1:PR=-1:OBJ=Sagittarri,{RND,4,8},{RND,1,5}:MX=1:SB=0:RT=0:TO=0:KL=0:RK=0:CA=1:DN=-1:DX=-1:SP=1:PR=-1:OBJ=Ursadane,{RND,4,8},{RND,1,5}:MX=1:SB=0:RT=0:TO=0:KL=0:RK=0:CA=1:DN=-1:DX=-1:SP=1:PR=-1:OBJ=DivineGuardian,{RND,4,8},{RND,1,5}:MX=1:SB=0:RT=0:TO=0:KL=0:RK=0:CA=1:DN=-1:DX=-1:SP=1:PR=-1:OBJ=Dendrite,{RND,4,8},{RND,1,5}:MX=1:SB=0:RT=0:TO=0:KL=0:RK=0:CA=1:DN=-1:DX=-1:SP=1:PR=-1:OBJ=Fairy,{RND,4,8},{RND,1,5}:MX=1:SB=0:RT=0:TO=0:KL=0:RK=0:CA=1:DN=-1:DX=-1:SP=1:PR=-1</Objects2>
  </Points>
  <Points>
    <Name>DespiseRevamped Good #7</Name>
    <UniqueId>933111af-18da-49f3-8e09-ccbaf9cc1368</UniqueId>
    <Map>Trammel</Map>
    <X>5390</X>
    <Y>968</Y>
    <Width>30</Width>
    <Height>30</Height>
    <CentreX>5395</CentreX>
    <CentreY>973</CentreY>
    <CentreZ>6</CentreZ>
    <Range>5</Range>
    <MaxCount>5</MaxCount>
    <MinDelay>5</MinDelay>
    <MaxDelay>10</MaxDelay>
    <DelayInSec>False</DelayInSec>
    <Duration>0</Duration>
    <DespawnTime>0</DespawnTime>
    <ProximityRange>-1</ProximityRange>
    <ProximityTriggerSound>500</ProximityTriggerSound>
    <TriggerProbability>1</TriggerProbability>
    <InContainer>False</InContainer>
    <MinRefractory>0</MinRefractory>
    <MaxRefractory>0</MaxRefractory>
    <TODStart>0</TODStart>
    <TODEnd>0</TODEnd>
    <TODMode>0</TODMode>
    <KillReset>1</KillReset>
    <ExternalTriggering>False</ExternalTriggering>
    <SequentialSpawning>-1</SequentialSpawning>
    <AllowGhostTriggering>False</AllowGhostTriggering>
    <AllowNPCTriggering>False</AllowNPCTriggering>
    <SpawnOnTrigger>False</SpawnOnTrigger>
    <SmartSpawning>False</SmartSpawning>
    <TickReset>False</TickReset>
    <Team>0</Team>
    <Amount>1</Amount>
    <IsGroup>False</IsGroup>
    <IsRunning>True</IsRunning>
    <IsHomeRangeRelative>True</IsHomeRangeRelative>
    <Objects2>Silenii,{RND,4,8},{RND,1,5}:MX=1:SB=0:RT=0:TO=0:KL=0:RK=0:CA=1:DN=-1:DX=-1:SP=1:PR=-1:OBJ=ForestNymph,{RND,4,8},{RND,1,5}:MX=1:SB=0:RT=0:TO=0:KL=0:RK=0:CA=1:DN=-1:DX=-1:SP=1:PR=-1:OBJ=DespiseUnicorn,{RND,4,8},{RND,1,5}:MX=1:SB=0:RT=0:TO=0:KL=0:RK=0:CA=1:DN=-1:DX=-1:SP=1:PR=-1:OBJ=Sagittarri,{RND,4,8},{RND,1,5}:MX=1:SB=0:RT=0:TO=0:KL=0:RK=0:CA=1:DN=-1:DX=-1:SP=1:PR=-1:OBJ=Ursadane,{RND,4,8},{RND,1,5}:MX=1:SB=0:RT=0:TO=0:KL=0:RK=0:CA=1:DN=-1:DX=-1:SP=1:PR=-1:OBJ=DivineGuardian,{RND,4,8},{RND,1,5}:MX=1:SB=0:RT=0:TO=0:KL=0:RK=0:CA=1:DN=-1:DX=-1:SP=1:PR=-1:OBJ=Dendrite,{RND,4,8},{RND,1,5}:MX=1:SB=0:RT=0:TO=0:KL=0:RK=0:CA=1:DN=-1:DX=-1:SP=1:PR=-1:OBJ=Fairy,{RND,4,8},{RND,1,5}:MX=1:SB=0:RT=0:TO=0:KL=0:RK=0:CA=1:DN=-1:DX=-1:SP=1:PR=-1</Objects2>
  </Points>
  <Points>
    <Name>DespiseRevamped Evil #14</Name>
    <UniqueId>95bd8931-9b51-45b4-bdce-0f6cbfb50947</UniqueId>
    <Map>Trammel</Map>
    <X>5553</X>
    <Y>786</Y>
    <Width>30</Width>
    <Height>30</Height>
    <CentreX>5558</CentreX>
    <CentreY>791</CentreY>
    <CentreZ>64</CentreZ>
    <Range>5</Range>
    <MaxCount>5</MaxCount>
    <MinDelay>5</MinDelay>
    <MaxDelay>10</MaxDelay>
    <DelayInSec>False</DelayInSec>
    <Duration>0</Duration>
    <DespawnTime>0</DespawnTime>
    <ProximityRange>-1</ProximityRange>
    <ProximityTriggerSound>500</ProximityTriggerSound>
    <TriggerProbability>1</TriggerProbability>
    <InContainer>False</InContainer>
    <MinRefractory>0</MinRefractory>
    <MaxRefractory>0</MaxRefractory>
    <TODStart>0</TODStart>
    <TODEnd>0</TODEnd>
    <TODMode>0</TODMode>
    <KillReset>1</KillReset>
    <ExternalTriggering>False</ExternalTriggering>
    <SequentialSpawning>-1</SequentialSpawning>
    <AllowGhostTriggering>False</AllowGhostTriggering>
    <AllowNPCTriggering>False</AllowNPCTriggering>
    <SpawnOnTrigger>False</SpawnOnTrigger>
    <SmartSpawning>False</SmartSpawning>
    <TickReset>False</TickReset>
    <Team>0</Team>
    <Amount>1</Amount>
    <IsGroup>False</IsGroup>
    <IsRunning>True</IsRunning>
    <IsHomeRangeRelative>True</IsHomeRangeRelative>
    <Objects2>Phantom,{RND,4,8},{RND,1,5}:MX=1:SB=0:RT=0:TO=0:KL=0:RK=0:CA=1:DN=-1:DX=-1:SP=1:PR=-1:OBJ=Naba,{RND,4,8},{RND,1,5}:MX=1:SB=0:RT=0:TO=0:KL=0:RK=0:CA=1:DN=-1:DX=-1:SP=1:PR=-1:OBJ=Darkmane,{RND,4,8},{RND,1,5}:MX=1:SB=0:RT=0:TO=0:KL=0:RK=0:CA=1:DN=-1:DX=-1:SP=1:PR=-1:OBJ=Skeletrex,{RND,4,8},{RND,1,5}:MX=1:SB=0:RT=0:TO=0:KL=0:RK=0:CA=1:DN=-1:DX=-1:SP=1:PR=-1:OBJ=Hellion,{RND,4,8},{RND,1,5}:MX=1:SB=0:RT=0:TO=0:KL=0:RK=0:CA=1:DN=-1:DX=-1:SP=1:PR=-1:OBJ=Echidnite,{RND,4,8},{RND,1,5}:MX=1:SB=0:RT=0:TO=0:KL=0:RK=0:CA=1:DN=-1:DX=-1:SP=1:PR=-1:OBJ=BirlingBlades,{RND,4,8},{RND,1,5}:MX=1:SB=0:RT=0:TO=0:KL=0:RK=0:CA=1:DN=-1:DX=-1:SP=1:PR=-1:OBJ=Prometheoid,{RND,4,8},{RND,1,5}:MX=1:SB=0:RT=0:TO=0:KL=0:RK=0:CA=1:DN=-1:DX=-1:SP=1:PR=-1</Objects2>
  </Points>
  <Points>
    <Name>DespiseRevamped #11</Name>
    <UniqueId>9a25d749-a3bb-4ce4-a284-ecd606bf62c0</UniqueId>
    <Map>Trammel</Map>
    <X>5438</X>
    <Y>703</Y>
    <Width>24</Width>
    <Height>24</Height>
    <CentreX>5450</CentreX>
    <CentreY>715</CentreY>
    <CentreZ>15</CentreZ>
    <Range>5</Range>
    <MaxCount>3</MaxCount>
    <MinDelay>2</MinDelay>
    <MaxDelay>3</MaxDelay>
    <DelayInSec>False</DelayInSec>
    <Duration>0</Duration>
    <DespawnTime>0</DespawnTime>
    <ProximityRange>-1</ProximityRange>
    <ProximityTriggerSound>500</ProximityTriggerSound>
    <TriggerProbability>1</TriggerProbability>
    <InContainer>False</InContainer>
    <MinRefractory>0</MinRefractory>
    <MaxRefractory>0</MaxRefractory>
    <TODStart>0</TODStart>
    <TODEnd>0</TODEnd>
    <TODMode>0</TODMode>
    <KillReset>1</KillReset>
    <ExternalTriggering>False</ExternalTriggering>
    <SequentialSpawning>-1</SequentialSpawning>
    <AllowGhostTriggering>False</AllowGhostTriggering>
    <AllowNPCTriggering>False</AllowNPCTriggering>
    <SpawnOnTrigger>False</SpawnOnTrigger>
    <SmartSpawning>True</SmartSpawning>
    <TickReset>False</TickReset>
    <Team>0</Team>
    <Amount>1</Amount>
    <IsGroup>False</IsGroup>
    <IsRunning>True</IsRunning>
    <IsHomeRangeRelative>True</IsHomeRangeRelative>
    <Objects2>Phantom,{RND,1,5}:MX=1:SB=0:RT=0:TO=0:KL=0:RK=0:CA=1:DN=-1:DX=-1:SP=1:PR=-1:OBJ=Naba,{RND,1,5}:MX=1:SB=0:RT=0:TO=0:KL=0:RK=0:CA=1:DN=-1:DX=-1:SP=1:PR=-1:OBJ=Darkmane,{RND,1,5}:MX=1:SB=0:RT=0:TO=0:KL=0:RK=0:CA=1:DN=-1:DX=-1:SP=1:PR=-1:OBJ=Skeletrex,{RND,1,5}:MX=1:SB=0:RT=0:TO=0:KL=0:RK=0:CA=1:DN=-1:DX=-1:SP=1:PR=-1:OBJ=Hellion,{RND,1,5}:MX=1:SB=0:RT=0:TO=0:KL=0:RK=0:CA=1:DN=-1:DX=-1:SP=1:PR=-1:OBJ=Echidnite,{RND,1,5}:MX=1:SB=0:RT=0:TO=0:KL=0:RK=0:CA=1:DN=-1:DX=-1:SP=1:PR=-1:OBJ=BirlingBlades,{RND,1,5}:MX=1:SB=0:RT=0:TO=0:KL=0:RK=0:CA=1:DN=-1:DX=-1:SP=1:PR=-1:OBJ=Prometheoid,{RND,1,5}:MX=1:SB=0:RT=0:TO=0:KL=0:RK=0:CA=1:DN=-1:DX=-1:SP=1:PR=-1</Objects2>
  </Points>
  <Points>
    <Name>DespiseRevamped Evil #8</Name>
    <UniqueId>a1833410-1696-482e-918e-b7c61836189e</UniqueId>
    <Map>Trammel</Map>
    <X>5466</X>
    <Y>967</Y>
    <Width>30</Width>
    <Height>30</Height>
    <CentreX>5471</CentreX>
    <CentreY>972</CentreY>
    <CentreZ>16</CentreZ>
    <Range>5</Range>
    <MaxCount>5</MaxCount>
    <MinDelay>5</MinDelay>
    <MaxDelay>10</MaxDelay>
    <DelayInSec>False</DelayInSec>
    <Duration>0</Duration>
    <DespawnTime>0</DespawnTime>
    <ProximityRange>-1</ProximityRange>
    <ProximityTriggerSound>500</ProximityTriggerSound>
    <TriggerProbability>1</TriggerProbability>
    <InContainer>False</InContainer>
    <MinRefractory>0</MinRefractory>
    <MaxRefractory>0</MaxRefractory>
    <TODStart>0</TODStart>
    <TODEnd>0</TODEnd>
    <TODMode>0</TODMode>
    <KillReset>1</KillReset>
    <ExternalTriggering>False</ExternalTriggering>
    <SequentialSpawning>-1</SequentialSpawning>
    <AllowGhostTriggering>False</AllowGhostTriggering>
    <AllowNPCTriggering>False</AllowNPCTriggering>
    <SpawnOnTrigger>False</SpawnOnTrigger>
    <SmartSpawning>False</SmartSpawning>
    <TickReset>False</TickReset>
    <Team>0</Team>
    <Amount>1</Amount>
    <IsGroup>False</IsGroup>
    <IsRunning>True</IsRunning>
    <IsHomeRangeRelative>True</IsHomeRangeRelative>
    <Objects2>Phantom,{RND,4,8},{RND,1,5}:MX=1:SB=0:RT=0:TO=0:KL=0:RK=0:CA=1:DN=-1:DX=-1:SP=1:PR=-1:OBJ=Naba,{RND,4,8},{RND,1,5}:MX=1:SB=0:RT=0:TO=0:KL=0:RK=0:CA=1:DN=-1:DX=-1:SP=1:PR=-1:OBJ=Darkmane,{RND,4,8},{RND,1,5}:MX=1:SB=0:RT=0:TO=0:KL=0:RK=0:CA=1:DN=-1:DX=-1:SP=1:PR=-1:OBJ=Skeletrex,{RND,4,8},{RND,1,5}:MX=1:SB=0:RT=0:TO=0:KL=0:RK=0:CA=1:DN=-1:DX=-1:SP=1:PR=-1:OBJ=Hellion,{RND,4,8},{RND,1,5}:MX=1:SB=0:RT=0:TO=0:KL=0:RK=0:CA=1:DN=-1:DX=-1:SP=1:PR=-1:OBJ=Echidnite,{RND,4,8},{RND,1,5}:MX=1:SB=0:RT=0:TO=0:KL=0:RK=0:CA=1:DN=-1:DX=-1:SP=1:PR=-1:OBJ=BirlingBlades,{RND,4,8},{RND,1,5}:MX=1:SB=0:RT=0:TO=0:KL=0:RK=0:CA=1:DN=-1:DX=-1:SP=1:PR=-1:OBJ=Prometheoid,{RND,4,8},{RND,1,5}:MX=1:SB=0:RT=0:TO=0:KL=0:RK=0:CA=1:DN=-1:DX=-1:SP=1:PR=-1</Objects2>
  </Points>
  <Points>
    <Name>DespiseRevamped #7</Name>
    <UniqueId>a8d6751a-7101-4134-b7aa-6844bfb07246</UniqueId>
    <Map>Trammel</Map>
    <X>5426</X>
    <Y>594</Y>
    <Width>36</Width>
    <Height>36</Height>
    <CentreX>5444</CentreX>
    <CentreY>612</CentreY>
    <CentreZ>45</CentreZ>
    <Range>5</Range>
    <MaxCount>5</MaxCount>
    <MinDelay>2</MinDelay>
    <MaxDelay>3</MaxDelay>
    <DelayInSec>False</DelayInSec>
    <Duration>0</Duration>
    <DespawnTime>0</DespawnTime>
    <ProximityRange>-1</ProximityRange>
    <ProximityTriggerSound>500</ProximityTriggerSound>
    <TriggerProbability>1</TriggerProbability>
    <InContainer>False</InContainer>
    <MinRefractory>0</MinRefractory>
    <MaxRefractory>0</MaxRefractory>
    <TODStart>0</TODStart>
    <TODEnd>0</TODEnd>
    <TODMode>0</TODMode>
    <KillReset>1</KillReset>
    <ExternalTriggering>False</ExternalTriggering>
    <SequentialSpawning>-1</SequentialSpawning>
    <AllowGhostTriggering>False</AllowGhostTriggering>
    <AllowNPCTriggering>False</AllowNPCTriggering>
    <SpawnOnTrigger>False</SpawnOnTrigger>
    <SmartSpawning>True</SmartSpawning>
    <TickReset>False</TickReset>
    <Team>0</Team>
    <Amount>1</Amount>
    <IsGroup>False</IsGroup>
    <IsRunning>True</IsRunning>
    <IsHomeRangeRelative>True</IsHomeRangeRelative>
    <Objects2>Silenii,{RND,1,5}:MX=1:SB=0:RT=0:TO=0:KL=0:RK=0:CA=1:DN=-1:DX=-1:SP=1:PR=-1:OBJ=ForestNymph,{RND,1,5}:MX=1:SB=0:RT=0:TO=0:KL=0:RK=0:CA=1:DN=-1:DX=-1:SP=1:PR=-1:OBJ=DespiseUnicorn,{RND,1,5}:MX=1:SB=0:RT=0:TO=0:KL=0:RK=0:CA=1:DN=-1:DX=-1:SP=1:PR=-1:OBJ=Sagittarri,{RND,1,5}:MX=1:SB=0:RT=0:TO=0:KL=0:RK=0:CA=1:DN=-1:DX=-1:SP=1:PR=-1:OBJ=Ursadane,{RND,1,5}:MX=1:SB=0:RT=0:TO=0:KL=0:RK=0:CA=1:DN=-1:DX=-1:SP=1:PR=-1:OBJ=DivineGuardian,{RND,1,5}:MX=1:SB=0:RT=0:TO=0:KL=0:RK=0:CA=1:DN=-1:DX=-1:SP=1:PR=-1:OBJ=Dendrite,{RND,1,5}:MX=1:SB=0:RT=0:TO=0:KL=0:RK=0:CA=1:DN=-1:DX=-1:SP=1:PR=-1:OBJ=Fairy,{RND,1,5}:MX=1:SB=0:RT=0:TO=0:KL=0:RK=0:CA=1:DN=-1:DX=-1:SP=1:PR=-1</Objects2>
  </Points>
  <Points>
    <Name>DespiseRevamped #3</Name>
    <UniqueId>bc6ef6d8-be70-496b-bd7f-db60e4206d29</UniqueId>
    <Map>Trammel</Map>
    <X>5441</X>
    <Y>529</Y>
    <Width>36</Width>
    <Height>36</Height>
    <CentreX>5459</CentreX>
    <CentreY>547</CentreY>
    <CentreZ>60</CentreZ>
    <Range>5</Range>
    <MaxCount>3</MaxCount>
    <MinDelay>2</MinDelay>
    <MaxDelay>3</MaxDelay>
    <DelayInSec>False</DelayInSec>
    <Duration>0</Duration>
    <DespawnTime>0</DespawnTime>
    <ProximityRange>-1</ProximityRange>
    <ProximityTriggerSound>500</ProximityTriggerSound>
    <TriggerProbability>1</TriggerProbability>
    <InContainer>False</InContainer>
    <MinRefractory>0</MinRefractory>
    <MaxRefractory>0</MaxRefractory>
    <TODStart>0</TODStart>
    <TODEnd>0</TODEnd>
    <TODMode>0</TODMode>
    <KillReset>1</KillReset>
    <ExternalTriggering>False</ExternalTriggering>
    <SequentialSpawning>-1</SequentialSpawning>
    <AllowGhostTriggering>False</AllowGhostTriggering>
    <AllowNPCTriggering>False</AllowNPCTriggering>
    <SpawnOnTrigger>False</SpawnOnTrigger>
    <SmartSpawning>True</SmartSpawning>
    <TickReset>False</TickReset>
    <Team>0</Team>
    <Amount>1</Amount>
    <IsGroup>False</IsGroup>
    <IsRunning>True</IsRunning>
    <IsHomeRangeRelative>True</IsHomeRangeRelative>
    <Objects2>Silenii,{RND,1,5}:MX=1:SB=0:RT=0:TO=0:KL=0:RK=0:CA=1:DN=-1:DX=-1:SP=1:PR=-1:OBJ=ForestNymph,{RND,1,5}:MX=1:SB=0:RT=0:TO=0:KL=0:RK=0:CA=1:DN=-1:DX=-1:SP=1:PR=-1:OBJ=DespiseUnicorn,{RND,1,5}:MX=1:SB=0:RT=0:TO=0:KL=0:RK=0:CA=1:DN=-1:DX=-1:SP=1:PR=-1:OBJ=Sagittarri,{RND,1,5}:MX=1:SB=0:RT=0:TO=0:KL=0:RK=0:CA=1:DN=-1:DX=-1:SP=1:PR=-1:OBJ=Ursadane,{RND,1,5}:MX=1:SB=0:RT=0:TO=0:KL=0:RK=0:CA=1:DN=-1:DX=-1:SP=1:PR=-1:OBJ=DivineGuardian,{RND,1,5}:MX=1:SB=0:RT=0:TO=0:KL=0:RK=0:CA=1:DN=-1:DX=-1:SP=1:PR=-1:OBJ=Dendrite,{RND,1,5}:MX=1:SB=0:RT=0:TO=0:KL=0:RK=0:CA=1:DN=-1:DX=-1:SP=1:PR=-1:OBJ=Fairy,{RND,1,5}:MX=1:SB=0:RT=0:TO=0:KL=0:RK=0:CA=1:DN=-1:DX=-1:SP=1:PR=-1</Objects2>
  </Points>
  <Points>
    <Name>DespiseRevamped Good #3</Name>
    <UniqueId>c550103b-96f0-4a94-82bd-c176cfbbe9d3</UniqueId>
    <Map>Trammel</Map>
    <X>5391</X>
    <Y>816</Y>
    <Width>30</Width>
    <Height>30</Height>
    <CentreX>5396</CentreX>
    <CentreY>821</CentreY>
    <CentreZ>60</CentreZ>
    <Range>5</Range>
    <MaxCount>5</MaxCount>
    <MinDelay>5</MinDelay>
    <MaxDelay>10</MaxDelay>
    <DelayInSec>False</DelayInSec>
    <Duration>0</Duration>
    <DespawnTime>0</DespawnTime>
    <ProximityRange>-1</ProximityRange>
    <ProximityTriggerSound>500</ProximityTriggerSound>
    <TriggerProbability>1</TriggerProbability>
    <InContainer>False</InContainer>
    <MinRefractory>0</MinRefractory>
    <MaxRefractory>0</MaxRefractory>
    <TODStart>0</TODStart>
    <TODEnd>0</TODEnd>
    <TODMode>0</TODMode>
    <KillReset>1</KillReset>
    <ExternalTriggering>False</ExternalTriggering>
    <SequentialSpawning>-1</SequentialSpawning>
    <AllowGhostTriggering>False</AllowGhostTriggering>
    <AllowNPCTriggering>False</AllowNPCTriggering>
    <SpawnOnTrigger>False</SpawnOnTrigger>
    <SmartSpawning>False</SmartSpawning>
    <TickReset>False</TickReset>
    <Team>0</Team>
    <Amount>1</Amount>
    <IsGroup>False</IsGroup>
    <IsRunning>True</IsRunning>
    <IsHomeRangeRelative>True</IsHomeRangeRelative>
    <Objects2>Silenii,{RND,4,8},{RND,1,5}:MX=1:SB=0:RT=0:TO=0:KL=0:RK=0:CA=1:DN=-1:DX=-1:SP=1:PR=-1:OBJ=ForestNymph,{RND,4,8},{RND,1,5}:MX=1:SB=0:RT=0:TO=0:KL=0:RK=0:CA=1:DN=-1:DX=-1:SP=1:PR=-1:OBJ=DespiseUnicorn,{RND,4,8},{RND,1,5}:MX=1:SB=0:RT=0:TO=0:KL=0:RK=0:CA=1:DN=-1:DX=-1:SP=1:PR=-1:OBJ=Sagittarri,{RND,4,8},{RND,1,5}:MX=1:SB=0:RT=0:TO=0:KL=0:RK=0:CA=1:DN=-1:DX=-1:SP=1:PR=-1:OBJ=Ursadane,{RND,4,8},{RND,1,5}:MX=1:SB=0:RT=0:TO=0:KL=0:RK=0:CA=1:DN=-1:DX=-1:SP=1:PR=-1:OBJ=DivineGuardian,{RND,4,8},{RND,1,5}:MX=1:SB=0:RT=0:TO=0:KL=0:RK=0:CA=1:DN=-1:DX=-1:SP=1:PR=-1:OBJ=Dendrite,{RND,4,8},{RND,1,5}:MX=1:SB=0:RT=0:TO=0:KL=0:RK=0:CA=1:DN=-1:DX=-1:SP=1:PR=-1:OBJ=Fairy,{RND,4,8},{RND,1,5}:MX=1:SB=0:RT=0:TO=0:KL=0:RK=0:CA=1:DN=-1:DX=-1:SP=1:PR=-1</Objects2>
  </Points>
  <Points>
    <Name>DespiseRevamped Good #6</Name>
    <UniqueId>ca7f2277-656a-4505-86ab-85eded221675</UniqueId>
    <Map>Trammel</Map>
    <X>5423</X>
    <Y>904</Y>
    <Width>30</Width>
    <Height>30</Height>
    <CentreX>5428</CentreX>
    <CentreY>909</CentreY>
    <CentreZ>30</CentreZ>
    <Range>5</Range>
    <MaxCount>5</MaxCount>
    <MinDelay>5</MinDelay>
    <MaxDelay>10</MaxDelay>
    <DelayInSec>False</DelayInSec>
    <Duration>0</Duration>
    <DespawnTime>0</DespawnTime>
    <ProximityRange>-1</ProximityRange>
    <ProximityTriggerSound>500</ProximityTriggerSound>
    <TriggerProbability>1</TriggerProbability>
    <InContainer>False</InContainer>
    <MinRefractory>0</MinRefractory>
    <MaxRefractory>0</MaxRefractory>
    <TODStart>0</TODStart>
    <TODEnd>0</TODEnd>
    <TODMode>0</TODMode>
    <KillReset>1</KillReset>
    <ExternalTriggering>False</ExternalTriggering>
    <SequentialSpawning>-1</SequentialSpawning>
    <AllowGhostTriggering>False</AllowGhostTriggering>
    <AllowNPCTriggering>False</AllowNPCTriggering>
    <SpawnOnTrigger>False</SpawnOnTrigger>
    <SmartSpawning>False</SmartSpawning>
    <TickReset>False</TickReset>
    <Team>0</Team>
    <Amount>1</Amount>
    <IsGroup>False</IsGroup>
    <IsRunning>True</IsRunning>
    <IsHomeRangeRelative>True</IsHomeRangeRelative>
    <Objects2>Silenii,{RND,4,8},{RND,1,5}:MX=1:SB=0:RT=0:TO=0:KL=0:RK=0:CA=1:DN=-1:DX=-1:SP=1:PR=-1:OBJ=ForestNymph,{RND,4,8},{RND,1,5}:MX=1:SB=0:RT=0:TO=0:KL=0:RK=0:CA=1:DN=-1:DX=-1:SP=1:PR=-1:OBJ=DespiseUnicorn,{RND,4,8},{RND,1,5}:MX=1:SB=0:RT=0:TO=0:KL=0:RK=0:CA=1:DN=-1:DX=-1:SP=1:PR=-1:OBJ=Sagittarri,{RND,4,8},{RND,1,5}:MX=1:SB=0:RT=0:TO=0:KL=0:RK=0:CA=1:DN=-1:DX=-1:SP=1:PR=-1:OBJ=Ursadane,{RND,4,8},{RND,1,5}:MX=1:SB=0:RT=0:TO=0:KL=0:RK=0:CA=1:DN=-1:DX=-1:SP=1:PR=-1:OBJ=DivineGuardian,{RND,4,8},{RND,1,5}:MX=1:SB=0:RT=0:TO=0:KL=0:RK=0:CA=1:DN=-1:DX=-1:SP=1:PR=-1:OBJ=Dendrite,{RND,4,8},{RND,1,5}:MX=1:SB=0:RT=0:TO=0:KL=0:RK=0:CA=1:DN=-1:DX=-1:SP=1:PR=-1:OBJ=Fairy,{RND,4,8},{RND,1,5}:MX=1:SB=0:RT=0:TO=0:KL=0:RK=0:CA=1:DN=-1:DX=-1:SP=1:PR=-1</Objects2>
  </Points>
  <Points>
    <Name>DespiseRevamped #</Name>
    <UniqueId>cb6b8d6a-1e2c-4ac8-8acc-2af0187a958e</UniqueId>
    <Map>Trammel</Map>
    <X>5464</X>
    <Y>727</Y>
    <Width>24</Width>
    <Height>24</Height>
    <CentreX>5476</CentreX>
    <CentreY>739</CentreY>
    <CentreZ>5</CentreZ>
    <Range>5</Range>
    <MaxCount>3</MaxCount>
    <MinDelay>2</MinDelay>
    <MaxDelay>3</MaxDelay>
    <DelayInSec>False</DelayInSec>
    <Duration>0</Duration>
    <DespawnTime>0</DespawnTime>
    <ProximityRange>-1</ProximityRange>
    <ProximityTriggerSound>500</ProximityTriggerSound>
    <TriggerProbability>1</TriggerProbability>
    <InContainer>False</InContainer>
    <MinRefractory>0</MinRefractory>
    <MaxRefractory>0</MaxRefractory>
    <TODStart>0</TODStart>
    <TODEnd>0</TODEnd>
    <TODMode>0</TODMode>
    <KillReset>1</KillReset>
    <ExternalTriggering>False</ExternalTriggering>
    <SequentialSpawning>-1</SequentialSpawning>
    <AllowGhostTriggering>False</AllowGhostTriggering>
    <AllowNPCTriggering>False</AllowNPCTriggering>
    <SpawnOnTrigger>False</SpawnOnTrigger>
    <SmartSpawning>True</SmartSpawning>
    <TickReset>False</TickReset>
    <Team>0</Team>
    <Amount>1</Amount>
    <IsGroup>False</IsGroup>
    <IsRunning>True</IsRunning>
    <IsHomeRangeRelative>True</IsHomeRangeRelative>
    <Objects2>Phantom,{RND,1,5}:MX=1:SB=0:RT=0:TO=0:KL=0:RK=0:CA=1:DN=-1:DX=-1:SP=1:PR=-1:OBJ=Naba,{RND,1,5}:MX=1:SB=0:RT=0:TO=0:KL=0:RK=0:CA=1:DN=-1:DX=-1:SP=1:PR=-1:OBJ=Darkmane,{RND,1,5}:MX=1:SB=0:RT=0:TO=0:KL=0:RK=0:CA=1:DN=-1:DX=-1:SP=1:PR=-1:OBJ=Skeletrex,{RND,1,5}:MX=1:SB=0:RT=0:TO=0:KL=0:RK=0:CA=1:DN=-1:DX=-1:SP=1:PR=-1:OBJ=Hellion,{RND,1,5}:MX=1:SB=0:RT=0:TO=0:KL=0:RK=0:CA=1:DN=-1:DX=-1:SP=1:PR=-1:OBJ=Echidnite,{RND,1,5}:MX=1:SB=0:RT=0:TO=0:KL=0:RK=0:CA=1:DN=-1:DX=-1:SP=1:PR=-1:OBJ=BirlingBlades,{RND,1,5}:MX=1:SB=0:RT=0:TO=0:KL=0:RK=0:CA=1:DN=-1:DX=-1:SP=1:PR=-1:OBJ=Prometheoid,{RND,1,5}:MX=1:SB=0:RT=0:TO=0:KL=0:RK=0:CA=1:DN=-1:DX=-1:SP=1:PR=-1</Objects2>
  </Points>
  <Points>
    <Name>DespiseRevamped Good #13</Name>
    <UniqueId>cdbe5131-cb05-4a19-a640-dbe7f73b6b21</UniqueId>
    <Map>Trammel</Map>
    <X>5598</X>
    <Y>784</Y>
    <Width>30</Width>
    <Height>30</Height>
    <CentreX>5603</CentreX>
    <CentreY>789</CentreY>
    <CentreZ>60</CentreZ>
    <Range>5</Range>
    <MaxCount>5</MaxCount>
    <MinDelay>5</MinDelay>
    <MaxDelay>10</MaxDelay>
    <DelayInSec>False</DelayInSec>
    <Duration>0</Duration>
    <DespawnTime>0</DespawnTime>
    <ProximityRange>-1</ProximityRange>
    <ProximityTriggerSound>500</ProximityTriggerSound>
    <TriggerProbability>1</TriggerProbability>
    <InContainer>False</InContainer>
    <MinRefractory>0</MinRefractory>
    <MaxRefractory>0</MaxRefractory>
    <TODStart>0</TODStart>
    <TODEnd>0</TODEnd>
    <TODMode>0</TODMode>
    <KillReset>1</KillReset>
    <ExternalTriggering>False</ExternalTriggering>
    <SequentialSpawning>-1</SequentialSpawning>
    <AllowGhostTriggering>False</AllowGhostTriggering>
    <AllowNPCTriggering>False</AllowNPCTriggering>
    <SpawnOnTrigger>False</SpawnOnTrigger>
    <SmartSpawning>False</SmartSpawning>
    <TickReset>False</TickReset>
    <Team>0</Team>
    <Amount>1</Amount>
    <IsGroup>False</IsGroup>
    <IsRunning>True</IsRunning>
    <IsHomeRangeRelative>True</IsHomeRangeRelative>
    <Objects2>Silenii,{RND,4,8},{RND,1,5}:MX=1:SB=0:RT=0:TO=0:KL=0:RK=0:CA=1:DN=-1:DX=-1:SP=1:PR=-1:OBJ=ForestNymph,{RND,4,8},{RND,1,5}:MX=1:SB=0:RT=0:TO=0:KL=0:RK=0:CA=1:DN=-1:DX=-1:SP=1:PR=-1:OBJ=DespiseUnicorn,{RND,4,8},{RND,1,5}:MX=1:SB=0:RT=0:TO=0:KL=0:RK=0:CA=1:DN=-1:DX=-1:SP=1:PR=-1:OBJ=Sagittarri,{RND,4,8},{RND,1,5}:MX=1:SB=0:RT=0:TO=0:KL=0:RK=0:CA=1:DN=-1:DX=-1:SP=1:PR=-1:OBJ=Ursadane,{RND,4,8},{RND,1,5}:MX=1:SB=0:RT=0:TO=0:KL=0:RK=0:CA=1:DN=-1:DX=-1:SP=1:PR=-1:OBJ=DivineGuardian,{RND,4,8},{RND,1,5}:MX=1:SB=0:RT=0:TO=0:KL=0:RK=0:CA=1:DN=-1:DX=-1:SP=1:PR=-1:OBJ=Dendrite,{RND,4,8},{RND,1,5}:MX=1:SB=0:RT=0:TO=0:KL=0:RK=0:CA=1:DN=-1:DX=-1:SP=1:PR=-1:OBJ=Fairy,{RND,4,8},{RND,1,5}:MX=1:SB=0:RT=0:TO=0:KL=0:RK=0:CA=1:DN=-1:DX=-1:SP=1:PR=-1</Objects2>
  </Points>
  <Points>
    <Name>DespiseRevamped Good #4</Name>
    <UniqueId>d6f52665-8e93-484f-8033-f995182f8d0a</UniqueId>
    <Map>Trammel</Map>
    <X>5454</X>
    <Y>818</Y>
    <Width>30</Width>
    <Height>30</Height>
    <CentreX>5459</CentreX>
    <CentreY>823</CentreY>
    <CentreZ>60</CentreZ>
    <Range>5</Range>
    <MaxCount>5</MaxCount>
    <MinDelay>5</MinDelay>
    <MaxDelay>10</MaxDelay>
    <DelayInSec>False</DelayInSec>
    <Duration>0</Duration>
    <DespawnTime>0</DespawnTime>
    <ProximityRange>-1</ProximityRange>
    <ProximityTriggerSound>500</ProximityTriggerSound>
    <TriggerProbability>1</TriggerProbability>
    <InContainer>False</InContainer>
    <MinRefractory>0</MinRefractory>
    <MaxRefractory>0</MaxRefractory>
    <TODStart>0</TODStart>
    <TODEnd>0</TODEnd>
    <TODMode>0</TODMode>
    <KillReset>1</KillReset>
    <ExternalTriggering>False</ExternalTriggering>
    <SequentialSpawning>-1</SequentialSpawning>
    <AllowGhostTriggering>False</AllowGhostTriggering>
    <AllowNPCTriggering>False</AllowNPCTriggering>
    <SpawnOnTrigger>False</SpawnOnTrigger>
    <SmartSpawning>False</SmartSpawning>
    <TickReset>False</TickReset>
    <Team>0</Team>
    <Amount>1</Amount>
    <IsGroup>False</IsGroup>
    <IsRunning>True</IsRunning>
    <IsHomeRangeRelative>True</IsHomeRangeRelative>
    <Objects2>Silenii,{RND,4,8},{RND,1,5}:MX=1:SB=0:RT=0:TO=0:KL=0:RK=0:CA=1:DN=-1:DX=-1:SP=1:PR=-1:OBJ=ForestNymph,{RND,4,8},{RND,1,5}:MX=1:SB=0:RT=0:TO=0:KL=0:RK=0:CA=1:DN=-1:DX=-1:SP=1:PR=-1:OBJ=DespiseUnicorn,{RND,4,8},{RND,1,5}:MX=1:SB=0:RT=0:TO=0:KL=0:RK=0:CA=1:DN=-1:DX=-1:SP=1:PR=-1:OBJ=Sagittarri,{RND,4,8},{RND,1,5}:MX=1:SB=0:RT=0:TO=0:KL=0:RK=0:CA=1:DN=-1:DX=-1:SP=1:PR=-1:OBJ=Ursadane,{RND,4,8},{RND,1,5}:MX=1:SB=0:RT=0:TO=0:KL=0:RK=0:CA=1:DN=-1:DX=-1:SP=1:PR=-1:OBJ=DivineGuardian,{RND,4,8},{RND,1,5}:MX=1:SB=0:RT=0:TO=0:KL=0:RK=0:CA=1:DN=-1:DX=-1:SP=1:PR=-1:OBJ=Dendrite,{RND,4,8},{RND,1,5}:MX=1:SB=0:RT=0:TO=0:KL=0:RK=0:CA=1:DN=-1:DX=-1:SP=1:PR=-1:OBJ=Fairy,{RND,4,8},{RND,1,5}:MX=1:SB=0:RT=0:TO=0:KL=0:RK=0:CA=1:DN=-1:DX=-1:SP=1:PR=-1</Objects2>
  </Points>
  <Points>
    <Name>DespiseRevamped Good #10</Name>
    <UniqueId>d73d8cfb-56d5-4100-8d5f-d48800faedb9</UniqueId>
    <Map>Trammel</Map>
    <X>5543</X>
    <Y>894</Y>
    <Width>30</Width>
    <Height>30</Height>
    <CentreX>5548</CentreX>
    <CentreY>899</CentreY>
    <CentreZ>30</CentreZ>
    <Range>5</Range>
    <MaxCount>5</MaxCount>
    <MinDelay>5</MinDelay>
    <MaxDelay>10</MaxDelay>
    <DelayInSec>False</DelayInSec>
    <Duration>0</Duration>
    <DespawnTime>0</DespawnTime>
    <ProximityRange>-1</ProximityRange>
    <ProximityTriggerSound>500</ProximityTriggerSound>
    <TriggerProbability>1</TriggerProbability>
    <InContainer>False</InContainer>
    <MinRefractory>0</MinRefractory>
    <MaxRefractory>0</MaxRefractory>
    <TODStart>0</TODStart>
    <TODEnd>0</TODEnd>
    <TODMode>0</TODMode>
    <KillReset>1</KillReset>
    <ExternalTriggering>False</ExternalTriggering>
    <SequentialSpawning>-1</SequentialSpawning>
    <AllowGhostTriggering>False</AllowGhostTriggering>
    <AllowNPCTriggering>False</AllowNPCTriggering>
    <SpawnOnTrigger>False</SpawnOnTrigger>
    <SmartSpawning>False</SmartSpawning>
    <TickReset>False</TickReset>
    <Team>0</Team>
    <Amount>1</Amount>
    <IsGroup>False</IsGroup>
    <IsRunning>True</IsRunning>
    <IsHomeRangeRelative>True</IsHomeRangeRelative>
    <Objects2>Silenii,{RND,4,8},{RND,1,5}:MX=1:SB=0:RT=0:TO=0:KL=0:RK=0:CA=1:DN=-1:DX=-1:SP=1:PR=-1:OBJ=ForestNymph,{RND,4,8},{RND,1,5}:MX=1:SB=0:RT=0:TO=0:KL=0:RK=0:CA=1:DN=-1:DX=-1:SP=1:PR=-1:OBJ=DespiseUnicorn,{RND,4,8},{RND,1,5}:MX=1:SB=0:RT=0:TO=0:KL=0:RK=0:CA=1:DN=-1:DX=-1:SP=1:PR=-1:OBJ=Sagittarri,{RND,4,8},{RND,1,5}:MX=1:SB=0:RT=0:TO=0:KL=0:RK=0:CA=1:DN=-1:DX=-1:SP=1:PR=-1:OBJ=Ursadane,{RND,4,8},{RND,1,5}:MX=1:SB=0:RT=0:TO=0:KL=0:RK=0:CA=1:DN=-1:DX=-1:SP=1:PR=-1:OBJ=DivineGuardian,{RND,4,8},{RND,1,5}:MX=1:SB=0:RT=0:TO=0:KL=0:RK=0:CA=1:DN=-1:DX=-1:SP=1:PR=-1:OBJ=Dendrite,{RND,4,8},{RND,1,5}:MX=1:SB=0:RT=0:TO=0:KL=0:RK=0:CA=1:DN=-1:DX=-1:SP=1:PR=-1:OBJ=Fairy,{RND,4,8},{RND,1,5}:MX=1:SB=0:RT=0:TO=0:KL=0:RK=0:CA=1:DN=-1:DX=-1:SP=1:PR=-1</Objects2>
  </Points>
  <Points>
    <Name>DespiseRevamped Evil #15</Name>
    <UniqueId>edcfba78-bd25-47da-bce2-cad556668bf1</UniqueId>
    <Map>Trammel</Map>
    <X>5515</X>
    <Y>812</Y>
    <Width>30</Width>
    <Height>30</Height>
    <CentreX>5520</CentreX>
    <CentreY>817</CentreY>
    <CentreZ>61</CentreZ>
    <Range>5</Range>
    <MaxCount>5</MaxCount>
    <MinDelay>5</MinDelay>
    <MaxDelay>10</MaxDelay>
    <DelayInSec>False</DelayInSec>
    <Duration>0</Duration>
    <DespawnTime>0</DespawnTime>
    <ProximityRange>-1</ProximityRange>
    <ProximityTriggerSound>500</ProximityTriggerSound>
    <TriggerProbability>1</TriggerProbability>
    <InContainer>False</InContainer>
    <MinRefractory>0</MinRefractory>
    <MaxRefractory>0</MaxRefractory>
    <TODStart>0</TODStart>
    <TODEnd>0</TODEnd>
    <TODMode>0</TODMode>
    <KillReset>1</KillReset>
    <ExternalTriggering>False</ExternalTriggering>
    <SequentialSpawning>-1</SequentialSpawning>
    <AllowGhostTriggering>False</AllowGhostTriggering>
    <AllowNPCTriggering>False</AllowNPCTriggering>
    <SpawnOnTrigger>False</SpawnOnTrigger>
    <SmartSpawning>False</SmartSpawning>
    <TickReset>False</TickReset>
    <Team>0</Team>
    <Amount>1</Amount>
    <IsGroup>False</IsGroup>
    <IsRunning>True</IsRunning>
    <IsHomeRangeRelative>True</IsHomeRangeRelative>
    <Objects2>Phantom,{RND,4,8},{RND,1,5}:MX=1:SB=0:RT=0:TO=0:KL=0:RK=0:CA=1:DN=-1:DX=-1:SP=1:PR=-1:OBJ=Naba,{RND,4,8},{RND,1,5}:MX=1:SB=0:RT=0:TO=0:KL=0:RK=0:CA=1:DN=-1:DX=-1:SP=1:PR=-1:OBJ=Darkmane,{RND,4,8},{RND,1,5}:MX=1:SB=0:RT=0:TO=0:KL=0:RK=0:CA=1:DN=-1:DX=-1:SP=1:PR=-1:OBJ=Skeletrex,{RND,4,8},{RND,1,5}:MX=1:SB=0:RT=0:TO=0:KL=0:RK=0:CA=1:DN=-1:DX=-1:SP=1:PR=-1:OBJ=Hellion,{RND,4,8},{RND,1,5}:MX=1:SB=0:RT=0:TO=0:KL=0:RK=0:CA=1:DN=-1:DX=-1:SP=1:PR=-1:OBJ=Echidnite,{RND,4,8},{RND,1,5}:MX=1:SB=0:RT=0:TO=0:KL=0:RK=0:CA=1:DN=-1:DX=-1:SP=1:PR=-1:OBJ=BirlingBlades,{RND,4,8},{RND,1,5}:MX=1:SB=0:RT=0:TO=0:KL=0:RK=0:CA=1:DN=-1:DX=-1:SP=1:PR=-1:OBJ=Prometheoid,{RND,4,8},{RND,1,5}:MX=1:SB=0:RT=0:TO=0:KL=0:RK=0:CA=1:DN=-1:DX=-1:SP=1:PR=-1</Objects2>
  </Points>
  <Points>
    <Name>DespiseRevamped #13</Name>
    <UniqueId>efbae2f5-a6d9-4927-b31e-03f62b41551f</UniqueId>
    <Map>Trammel</Map>
    <X>5382</X>
    <Y>743</Y>
    <Width>30</Width>
    <Height>30</Height>
    <CentreX>5392</CentreX>
    <CentreY>753</CentreY>
    <CentreZ>5</CentreZ>
    <Range>5</Range>
    <MaxCount>3</MaxCount>
    <MinDelay>2</MinDelay>
    <MaxDelay>3</MaxDelay>
    <DelayInSec>False</DelayInSec>
    <Duration>0</Duration>
    <DespawnTime>0</DespawnTime>
    <ProximityRange>-1</ProximityRange>
    <ProximityTriggerSound>500</ProximityTriggerSound>
    <TriggerProbability>1</TriggerProbability>
    <InContainer>False</InContainer>
    <MinRefractory>0</MinRefractory>
    <MaxRefractory>0</MaxRefractory>
    <TODStart>0</TODStart>
    <TODEnd>0</TODEnd>
    <TODMode>0</TODMode>
    <KillReset>1</KillReset>
    <ExternalTriggering>False</ExternalTriggering>
    <SequentialSpawning>-1</SequentialSpawning>
    <AllowGhostTriggering>False</AllowGhostTriggering>
    <AllowNPCTriggering>False</AllowNPCTriggering>
    <SpawnOnTrigger>False</SpawnOnTrigger>
    <SmartSpawning>True</SmartSpawning>
    <TickReset>False</TickReset>
    <Team>0</Team>
    <Amount>1</Amount>
    <IsGroup>False</IsGroup>
    <IsRunning>True</IsRunning>
    <IsHomeRangeRelative>True</IsHomeRangeRelative>
    <Objects2>Phantom,{RND,1,5}:MX=1:SB=0:RT=0:TO=0:KL=0:RK=0:CA=1:DN=-1:DX=-1:SP=1:PR=-1:OBJ=Naba,{RND,1,5}:MX=1:SB=0:RT=0:TO=0:KL=0:RK=0:CA=1:DN=-1:DX=-1:SP=1:PR=-1:OBJ=Darkmane,{RND,1,5}:MX=1:SB=0:RT=0:TO=0:KL=0:RK=0:CA=1:DN=-1:DX=-1:SP=1:PR=-1:OBJ=Skeletrex,{RND,1,5}:MX=1:SB=0:RT=0:TO=0:KL=0:RK=0:CA=1:DN=-1:DX=-1:SP=1:PR=-1:OBJ=Hellion,{RND,1,5}:MX=1:SB=0:RT=0:TO=0:KL=0:RK=0:CA=1:DN=-1:DX=-1:SP=1:PR=-1:OBJ=Echidnite,{RND,1,5}:MX=1:SB=0:RT=0:TO=0:KL=0:RK=0:CA=1:DN=-1:DX=-1:SP=1:PR=-1:OBJ=BirlingBlades,{RND,1,5}:MX=1:SB=0:RT=0:TO=0:KL=0:RK=0:CA=1:DN=-1:DX=-1:SP=1:PR=-1:OBJ=Prometheoid,{RND,1,5}:MX=1:SB=0:RT=0:TO=0:KL=0:RK=0:CA=1:DN=-1:DX=-1:SP=1:PR=-1</Objects2>
  </Points>
  <Points>
    <Name>DespiseRevamped Good #14</Name>
    <UniqueId>f6e2d7d6-7d85-460e-97fb-bcca980b3517</UniqueId>
    <Map>Trammel</Map>
    <X>5553</X>
    <Y>786</Y>
    <Width>30</Width>
    <Height>30</Height>
    <CentreX>5558</CentreX>
    <CentreY>791</CentreY>
    <CentreZ>63</CentreZ>
    <Range>5</Range>
    <MaxCount>5</MaxCount>
    <MinDelay>5</MinDelay>
    <MaxDelay>10</MaxDelay>
    <DelayInSec>False</DelayInSec>
    <Duration>0</Duration>
    <DespawnTime>0</DespawnTime>
    <ProximityRange>-1</ProximityRange>
    <ProximityTriggerSound>500</ProximityTriggerSound>
    <TriggerProbability>1</TriggerProbability>
    <InContainer>False</InContainer>
    <MinRefractory>0</MinRefractory>
    <MaxRefractory>0</MaxRefractory>
    <TODStart>0</TODStart>
    <TODEnd>0</TODEnd>
    <TODMode>0</TODMode>
    <KillReset>1</KillReset>
    <ExternalTriggering>False</ExternalTriggering>
    <SequentialSpawning>-1</SequentialSpawning>
    <AllowGhostTriggering>False</AllowGhostTriggering>
    <AllowNPCTriggering>False</AllowNPCTriggering>
    <SpawnOnTrigger>False</SpawnOnTrigger>
    <SmartSpawning>False</SmartSpawning>
    <TickReset>False</TickReset>
    <Team>0</Team>
    <Amount>1</Amount>
    <IsGroup>False</IsGroup>
    <IsRunning>True</IsRunning>
    <IsHomeRangeRelative>True</IsHomeRangeRelative>
    <Objects2>Silenii,{RND,4,8},{RND,1,5}:MX=1:SB=0:RT=0:TO=0:KL=0:RK=0:CA=1:DN=-1:DX=-1:SP=1:PR=-1:OBJ=ForestNymph,{RND,4,8},{RND,1,5}:MX=1:SB=0:RT=0:TO=0:KL=0:RK=0:CA=1:DN=-1:DX=-1:SP=1:PR=-1:OBJ=DespiseUnicorn,{RND,4,8},{RND,1,5}:MX=1:SB=0:RT=0:TO=0:KL=0:RK=0:CA=1:DN=-1:DX=-1:SP=1:PR=-1:OBJ=Sagittarri,{RND,4,8},{RND,1,5}:MX=1:SB=0:RT=0:TO=0:KL=0:RK=0:CA=1:DN=-1:DX=-1:SP=1:PR=-1:OBJ=Ursadane,{RND,4,8},{RND,1,5}:MX=1:SB=0:RT=0:TO=0:KL=0:RK=0:CA=1:DN=-1:DX=-1:SP=1:PR=-1:OBJ=DivineGuardian,{RND,4,8},{RND,1,5}:MX=1:SB=0:RT=0:TO=0:KL=0:RK=0:CA=1:DN=-1:DX=-1:SP=1:PR=-1:OBJ=Dendrite,{RND,4,8},{RND,1,5}:MX=1:SB=0:RT=0:TO=0:KL=0:RK=0:CA=1:DN=-1:DX=-1:SP=1:PR=-1:OBJ=Fairy,{RND,4,8},{RND,1,5}:MX=1:SB=0:RT=0:TO=0:KL=0:RK=0:CA=1:DN=-1:DX=-1:SP=1:PR=-1</Objects2>
  </Points>
  <Points>
    <Name>DespiseRevamped #2</Name>
    <UniqueId>f81f8a9c-a243-4017-a471-4e538fafe496</UniqueId>
    <Map>Trammel</Map>
    <X>5486</X>
    <Y>516</Y>
    <Width>30</Width>
    <Height>30</Height>
    <CentreX>5501</CentreX>
    <CentreY>531</CentreY>
    <CentreZ>60</CentreZ>
    <Range>5</Range>
    <MaxCount>3</MaxCount>
    <MinDelay>2</MinDelay>
    <MaxDelay>3</MaxDelay>
    <DelayInSec>False</DelayInSec>
    <Duration>0</Duration>
    <DespawnTime>0</DespawnTime>
    <ProximityRange>-1</ProximityRange>
    <ProximityTriggerSound>500</ProximityTriggerSound>
    <TriggerProbability>1</TriggerProbability>
    <InContainer>False</InContainer>
    <MinRefractory>0</MinRefractory>
    <MaxRefractory>0</MaxRefractory>
    <TODStart>0</TODStart>
    <TODEnd>0</TODEnd>
    <TODMode>0</TODMode>
    <KillReset>1</KillReset>
    <ExternalTriggering>False</ExternalTriggering>
    <SequentialSpawning>-1</SequentialSpawning>
    <AllowGhostTriggering>False</AllowGhostTriggering>
    <AllowNPCTriggering>False</AllowNPCTriggering>
    <SpawnOnTrigger>False</SpawnOnTrigger>
    <SmartSpawning>True</SmartSpawning>
    <TickReset>False</TickReset>
    <Team>0</Team>
    <Amount>1</Amount>
    <IsGroup>False</IsGroup>
    <IsRunning>True</IsRunning>
    <IsHomeRangeRelative>True</IsHomeRangeRelative>
    <Objects2>Silenii,{RND,1,5}:MX=1:SB=0:RT=0:TO=0:KL=0:RK=0:CA=1:DN=-1:DX=-1:SP=1:PR=-1:OBJ=ForestNymph,{RND,1,5}:MX=1:SB=0:RT=0:TO=0:KL=0:RK=0:CA=1:DN=-1:DX=-1:SP=1:PR=-1:OBJ=DespiseUnicorn,{RND,1,5}:MX=1:SB=0:RT=0:TO=0:KL=0:RK=0:CA=1:DN=-1:DX=-1:SP=1:PR=-1:OBJ=Sagittarri,{RND,1,5}:MX=1:SB=0:RT=0:TO=0:KL=0:RK=0:CA=1:DN=-1:DX=-1:SP=1:PR=-1:OBJ=Ursadane,{RND,1,5}:MX=1:SB=0:RT=0:TO=0:KL=0:RK=0:CA=1:DN=-1:DX=-1:SP=1:PR=-1:OBJ=DivineGuardian,{RND,1,5}:MX=1:SB=0:RT=0:TO=0:KL=0:RK=0:CA=1:DN=-1:DX=-1:SP=1:PR=-1:OBJ=Dendrite,{RND,1,5}:MX=1:SB=0:RT=0:TO=0:KL=0:RK=0:CA=1:DN=-1:DX=-1:SP=1:PR=-1:OBJ=Fairy,{RND,1,5}:MX=1:SB=0:RT=0:TO=0:KL=0:RK=0:CA=1:DN=-1:DX=-1:SP=1:PR=-1</Objects2>
  </Points>
  <Points>
    <Name>DespiseRevamped #1</Name>
    <UniqueId>fda2331a-063d-463a-9a37-5c7332c7aad9</UniqueId>
    <Map>Trammel</Map>
    <X>5471</X>
    <Y>551</Y>
    <Width>30</Width>
    <Height>30</Height>
    <CentreX>5486</CentreX>
    <CentreY>566</CentreY>
    <CentreZ>60</CentreZ>
    <Range>5</Range>
    <MaxCount>3</MaxCount>
    <MinDelay>2</MinDelay>
    <MaxDelay>3</MaxDelay>
    <DelayInSec>False</DelayInSec>
    <Duration>0</Duration>
    <DespawnTime>0</DespawnTime>
    <ProximityRange>-1</ProximityRange>
    <ProximityTriggerSound>500</ProximityTriggerSound>
    <TriggerProbability>1</TriggerProbability>
    <InContainer>False</InContainer>
    <MinRefractory>0</MinRefractory>
    <MaxRefractory>0</MaxRefractory>
    <TODStart>0</TODStart>
    <TODEnd>0</TODEnd>
    <TODMode>0</TODMode>
    <KillReset>1</KillReset>
    <ExternalTriggering>False</ExternalTriggering>
    <SequentialSpawning>-1</SequentialSpawning>
    <AllowGhostTriggering>False</AllowGhostTriggering>
    <AllowNPCTriggering>False</AllowNPCTriggering>
    <SpawnOnTrigger>False</SpawnOnTrigger>
    <SmartSpawning>True</SmartSpawning>
    <TickReset>False</TickReset>
    <Team>0</Team>
    <Amount>1</Amount>
    <IsGroup>False</IsGroup>
    <IsRunning>True</IsRunning>
    <IsHomeRangeRelative>True</IsHomeRangeRelative>
    <Objects2>Silenii,{RND,1,5}:MX=1:SB=0:RT=0:TO=0:KL=0:RK=0:CA=1:DN=-1:DX=-1:SP=1:PR=-1:OBJ=ForestNymph,{RND,1,5}:MX=1:SB=0:RT=0:TO=0:KL=0:RK=0:CA=1:DN=-1:DX=-1:SP=1:PR=-1:OBJ=DespiseUnicorn,{RND,1,5}:MX=1:SB=0:RT=0:TO=0:KL=0:RK=0:CA=1:DN=-1:DX=-1:SP=1:PR=-1:OBJ=Sagittarri,{RND,1,5}:MX=1:SB=0:RT=0:TO=0:KL=0:RK=0:CA=1:DN=-1:DX=-1:SP=1:PR=-1:OBJ=Ursadane,{RND,1,5}:MX=1:SB=0:RT=0:TO=0:KL=0:RK=0:CA=1:DN=-1:DX=-1:SP=1:PR=-1:OBJ=DivineGuardian,{RND,1,5}:MX=1:SB=0:RT=0:TO=0:KL=0:RK=0:CA=1:DN=-1:DX=-1:SP=1:PR=-1:OBJ=Dendrite,{RND,1,5}:MX=1:SB=0:RT=0:TO=0:KL=0:RK=0:CA=1:DN=-1:DX=-1:SP=1:PR=-1:OBJ=Fairy,{RND,1,5}:MX=1:SB=0:RT=0:TO=0:KL=0:RK=0:CA=1:DN=-1:DX=-1:SP=1:PR=-1</Objects2>
  </Points>
</Spawns>